Distict,Subgroup,School Year,Chronic Rate,Attendance Rate
A+ Arts Academy - 000556 (Franklin),All Students,2023,80.3%,79.7%
A+ Children'S Academy - 013232 (Franklin),All Students,2023,46.3%,87.7%
Academy For Urban Scholars Youngstown - 013249 (Mahoning),All Students,2023,14.7%,93.3%
Achieve Career Preparatory Academy - 011507 (Lucas),All Students,2023,87.5%,61.2%
Achievepoint Career Academy - Cincinnati - 017275 (Hamilton),All Students,2023,95.3%,64.9%
Ada Exempted Village - 045187 (Hardin),All Students,2023,17.2%,93.4%
Adams County Ohio Valley Local - 061903 (Adams),All Students,2023,31.2%,90.9%
Adena Local - 049494 (Ross),All Students,2023,18.2%,93.1%
Akron Career Tech High School - 019427 (Summit),All Students,2023,94.4%,63.9%
Akron City - 043489 (Summit),All Students,2023,47.3%,85.7%
Akron Preparatory School - 013254 (Summit),All Students,2023,64.8%,84.3%
Akros Middle School - 012060 (Summit),All Students,2023,48.3%,87.6%
"Albert Einstein Academy For Letters, Arts And Sciences-Ohio - 013994 (Cuyahoga)",All Students,2023,43.9%,88.3%
Alexander Local - 045906 (Athens),All Students,2023,19.0%,92.6%
Allen East Local - 045757 (Allen),All Students,2023,14.2%,93.8%
Alliance Academy Of Cincinnati - 000139 (Hamilton),All Students,2023,55.2%,86.6%
Alliance City - 043497 (Stark),All Students,2023,35.9%,89.4%
"Alliance Community Schools, Inc. Dba Dayton Leadership Acade - 133454 (Montgomery)",All Students,2023,47.5%,88.8%
Alternative Education Academy Dba Ohdela - 143396 (Summit),All Students,2023,5.1%,95.0%
Amanda-Clearcreek Local - 046847 (Fairfield),All Students,2023,25.1%,91.6%
Amherst Exempted Village - 045195 (Lorain),All Students,2023,17.7%,93.0%
Ann Jerkins-Harris Academy Of Excellence - 013195 (Lucas),All Students,2023,24.6%,93.0%
Anna Local - 049759 (Shelby),All Students,2023,7.2%,95.6%
Ansonia Local - 046623 (Darke),All Students,2023,12.4%,94.7%
Anthony Wayne Local - 048207 (Lucas),All Students,2023,11.1%,94.5%
Antwerp Local - 048991 (Paulding),All Students,2023,17.4%,93.8%
Apex Academy - 000560 (Cuyahoga),All Students,2023,44.1%,88.7%
Arcadia Local - 047415 (Hancock),All Students,2023,7.4%,95.1%
Arcanum-Butler Local - 046631 (Darke),All Students,2023,10.5%,95.1%
Archbold-Area Local - 047043 (Fulton),All Students,2023,10.4%,94.6%
Arlington Local - 047423 (Hancock),All Students,2023,14.9%,93.9%
Arts & College Preparatory Academy - 143610 (Franklin),All Students,2023,54.1%,85.8%
Ashland City - 043505 (Ashland),All Students,2023,17.3%,93.3%
Ashland County Community Academy - 009971 (Ashland),All Students,2023,77.6%,77.3%
Ashtabula Area City - 043513 (Ashtabula),All Students,2023,49.4%,87.0%
Athens City - 043521 (Athens),All Students,2023,30.1%,90.4%
Auglaize County Educational Academy - 000288 (Auglaize),All Students,2023,0.0%,100.0%
Aurora City - 049171 (Portage),All Students,2023,10.6%,94.3%
Austintown Local Schools - 048298 (Mahoning),All Students,2023,29.2%,91.3%
Autism Model School - 134122 (Lucas),All Students,2023,48.4%,85.8%
Avon Lake City - 048124 (Lorain),All Students,2023,13.8%,93.7%
Avon Local - 048116 (Lorain),All Students,2023,10.6%,94.4%
Ayersville Local - 046706 (Defiance),All Students,2023,9.8%,95.0%
Barberton City - 043539 (Summit),All Students,2023,39.1%,88.6%
Barnesville Exempted Village - 045203 (Belmont),All Students,2023,28.1%,91.5%
Batavia Local - 046300 (Clermont),All Students,2023,28.2%,91.3%
Bath Local - 045765 (Allen),All Students,2023,16.5%,93.5%
Bay Village City - 043547 (Cuyahoga),All Students,2023,10.9%,94.5%
Beachwood City - 043554 (Cuyahoga),All Students,2023,20.6%,93.1%
Beacon Academy - 015709 (Stark),All Students,2023,50.3%,87.2%
Beacon Hill Academy - 012501 (Wayne),All Students,2023,10.6%,95.3%
Beaver Local - 046425 (Columbiana),All Students,2023,26.1%,92.0%
Beavercreek City - 047241 (Greene),All Students,2023,13.8%,94.0%
Bedford City - 043562 (Cuyahoga),All Students,2023,38.6%,89.1%
Bella Academy Of Excellence - 011390 (Cuyahoga),All Students,2023,31.4%,91.7%
Bellaire Local - 043570 (Belmont),All Students,2023,32.6%,90.0%
Bellbrook-Sugarcreek Local - 047274 (Greene),All Students,2023,11.4%,94.7%
Bellefontaine City - 043588 (Logan),All Students,2023,24.1%,92.3%
Bellevue City - 043596 (Huron),All Students,2023,14.3%,93.9%
Belpre City - 043604 (Washington),All Students,2023,29.4%,90.6%
Benjamin Logan Local - 048074 (Logan),All Students,2023,12.8%,94.1%
Bennett Venture Academy - 000843 (Lucas),All Students,2023,40.5%,89.4%
Benton Carroll Salem Local - 048926 (Ottawa),All Students,2023,7.6%,95.2%
Berea City - 043612 (Cuyahoga),All Students,2023,23.5%,91.9%
Berkshire Local - 047167 (Geauga),All Students,2023,24.4%,92.3%
Berne Union Local - 046854 (Fairfield),All Students,2023,15.5%,93.3%
Bethel Local - 048611 (Miami),All Students,2023,13.7%,94.1%
Bethel-Tate Local - 046318 (Clermont),All Students,2023,28.9%,91.6%
Bexley City - 043620 (Franklin),All Students,2023,11.7%,94.2%
Big Walnut Local - 046748 (Delaware),All Students,2023,13.2%,94.0%
Black River Career Prep High School - 142919 (Lorain),All Students,2023,95.4%,45.1%
Black River Local - 048462 (Medina),All Students,2023,16.2%,93.7%
Blanchester Local - 046383 (Clinton),All Students,2023,24.7%,91.7%
Bloom-Carroll Local - 046862 (Fairfield),All Students,2023,14.8%,93.9%
Bloomfield-Mespo Local - 050096 (Trumbull),All Students,2023,33.5%,90.2%
Bloom-Vernon Local - 049593 (Scioto),All Students,2023,16.5%,93.6%
Bluffton Exempted Village - 045211 (Allen),All Students,2023,8.3%,95.0%
Boardman Local - 048306 (Mahoning),All Students,2023,20.8%,92.8%
Botkins Local - 049767 (Shelby),All Students,2023,9.4%,95.2%
Bowling Green City School District - 043638 (Wood),All Students,2023,21.8%,92.4%
Bradford Exempted Village - 045229 (Miami),All Students,2023,18.9%,93.2%
Brecksville-Broadview Heights City - 043646 (Cuyahoga),All Students,2023,15.0%,93.9%
Bridge Gate Community School - 015710 (Franklin),All Students,2023,68.7%,78.1%
Bridgeport Exempted Village - 045237 (Belmont),All Students,2023,29.6%,91.5%
Bridges Community Academy Dba Bridges Preparatory Academy - 000311 (Seneca),All Students,2023,46.5%,88.3%
Bright Local - 047613 (Highland),All Students,2023,16.1%,93.6%
Bristol Local - 050112 (Trumbull),All Students,2023,32.5%,91.0%
Broadway Academy - 012684 (Cuyahoga),All Students,2023,68.8%,81.8%
Brookfield Local - 050120 (Trumbull),All Students,2023,33.8%,90.5%
Brooklyn City - 043653 (Cuyahoga),All Students,2023,28.8%,90.5%
Brookville Local - 048678 (Montgomery),All Students,2023,9.2%,95.1%
Brown Local - 046177 (Carroll),All Students,2023,21.4%,92.8%
Brunswick City - 043661 (Medina),All Students,2023,17.9%,93.2%
Bryan City - 043679 (Williams),All Students,2023,15.2%,94.0%
Buckeye Central Local - 046508 (Crawford),All Students,2023,18.7%,93.4%
Buckeye Community School - 019152 (Richland),All Students,2023,89.6%,63.4%
Buckeye Community School - London - 019441 (Madison),All Students,2023,78.2%,73.5%
Buckeye Community School - Marion - 019442 (Marion),All Students,2023,71.1%,75.5%
Buckeye Local - 045856 (Ashtabula),All Students,2023,34.3%,90.1%
Buckeye Local - 047787 (Jefferson),All Students,2023,45.3%,88.6%
Buckeye Local - 048470 (Medina),All Students,2023,16.9%,93.3%
Buckeye On-Line School For Success - 000417 (Columbiana),All Students,2023,13.2%,95.0%
Buckeye United School District - 060988 (Franklin),All Students,2023,9.7%,95.0%
Buckeye Valley Local - 046755 (Delaware),All Students,2023,15.8%,93.5%
Bucyrus City - 043687 (Crawford),All Students,2023,24.4%,91.9%
Caldwell Exempted Village - 045252 (Noble),All Students,2023,28.4%,91.7%
Cambridge City - 043695 (Guernsey),All Students,2023,29.2%,91.7%
Campbell City - 043703 (Mahoning),All Students,2023,44.2%,87.9%
Canal Winchester Local - 046946 (Franklin),All Students,2023,20.2%,92.7%
Canfield Local - 048314 (Mahoning),All Students,2023,14.0%,93.8%
Canton City - 043711 (Stark),All Students,2023,40.4%,86.8%
Canton College Preparatory School - 013255 (Stark),All Students,2023,60.1%,85.8%
Canton Harbor High School - 000525 (Stark),All Students,2023,81.1%,65.8%
Canton Local - 049833 (Stark),All Students,2023,30.9%,90.6%
Capital City Career Prep High School - 000664 (Franklin),All Students,2023,97.0%,42.6%
Capital Collegiate Preparatory Academy - 017537 (Franklin),All Students,2023,87.8%,75.7%
Capital High School - 012044 (Franklin),All Students,2023,98.8%,46.2%
Cardinal Local - 047175 (Geauga),All Students,2023,24.7%,92.2%
Cardington-Lincoln Local - 048793 (Morrow),All Students,2023,16.9%,93.1%
Carey Exempted Village Schools - 045260 (Wyandot),All Students,2023,15.3%,94.0%
Carlisle Local - 050419 (Warren),All Students,2023,18.7%,92.9%
Carrollton Exempted Village - 045278 (Carroll),All Students,2023,21.1%,92.5%
Cascade Career Prep High School - 008063 (Summit),All Students,2023,95.3%,41.6%
Case Preparatory Academy - 019221 (Summit),All Students,2023,65.8%,82.7%
Cedar Cliff Local - 047258 (Greene),All Students,2023,9.6%,94.9%
Celina City - 043729 (Mercer),All Students,2023,12.1%,94.4%
Centerburg Local - 047829 (Knox),All Students,2023,18.3%,93.3%
Centerville City - 043737 (Montgomery),All Students,2023,15.8%,93.8%
Central Academy Of Ohio - 009164 (Lucas),All Students,2023,90.5%,70.5%
Central High School - 012041 (Franklin),All Students,2023,88.4%,57.9%
Central Local - 046714 (Defiance),All Students,2023,11.5%,94.4%
Central Point Preparatory Academy - 019199 (Franklin),All Students,2023,91.2%,71.5%
Cesar Chavez College Preparatory School - 010036 (Franklin),All Students,2023,25.5%,92.2%
Chagrin Falls Exempted Village - 045286 (Cuyahoga),All Students,2023,11.2%,94.3%
Champion Local - 050138 (Trumbull),All Students,2023,22.0%,92.2%
Chardon Local - 047183 (Geauga),All Students,2023,23.4%,92.5%
Charles School At Ohio Dominican University - 007999 (Franklin),All Students,2023,51.1%,87.2%
Chesapeake Union Exempted Village - 045294 (Lawrence),All Students,2023,25.7%,92.0%
Chillicothe City - 043745 (Ross),All Students,2023,45.9%,85.9%
Chippewa Local - 050534 (Wayne),All Students,2023,19.3%,93.0%
Cincinnati Achievement Academy - 016850 (Hamilton),All Students,2023,50.4%,87.2%
Cincinnati Classical Academy - 019530 (Hamilton),All Students,2023,22.4%,93.0%
Cincinnati College Preparatory Academy - 133512 (Hamilton),All Students,2023,34.2%,90.5%
Cincinnati Public Schools - 043752 (Hamilton),All Students,2023,45.9%,86.2%
Cincinnati Technology Academy - 013864 (Hamilton),All Students,2023,54.9%,86.7%
Circleville City - 043760 (Pickaway),All Students,2023,34.4%,89.7%
Citizens Of The World Charter Schools - Cincinnati - 019452 (Hamilton),All Students,2023,45.9%,88.4%
City Day Community School - 134247 (Montgomery),All Students,2023,67.3%,83.5%
Clark-Shawnee Local - 046284 (Clark),All Students,2023,22.3%,92.3%
Clay Local - 049601 (Scioto),All Students,2023,24.3%,92.2%
Claymont City - 043778 (Tuscarawas),All Students,2023,28.0%,91.7%
Clear Fork Valley Local - 049411 (Richland),All Students,2023,15.3%,94.1%
Clearview Local - 048132 (Lorain),All Students,2023,36.0%,90.0%
Clermont Northeastern Local - 046326 (Clermont),All Students,2023,19.5%,92.8%
Cleveland Academy For Scholarship Technology And Leadership - 000527 (Cuyahoga),All Students,2023,88.7%,56.7%
Cleveland Arts And Social Sciences Academy - 007995 (Cuyahoga),All Students,2023,57.5%,85.9%
Cleveland Heights-University Heights City - 043794 (Cuyahoga),All Students,2023,39.5%,88.6%
Cleveland Municipal - 043786 (Cuyahoga),All Students,2023,56.0%,82.8%
Cleveland Preparatory Academy - 013199 (Cuyahoga),All Students,2023,35.6%,85.7%
Cliff Park High School - 132795 (Clark),All Students,2023,98.3%,38.9%
Clinton-Massie Local - 046391 (Clinton),All Students,2023,12.2%,94.3%
Cloverleaf Local - 048488 (Medina),All Students,2023,17.9%,93.1%
Clyde-Green Springs Exempted Village - 045302 (Sandusky),All Students,2023,17.8%,93.0%
Coldwater Exempted Village - 045310 (Mercer),All Students,2023,4.5%,96.2%
College Corner Local - 064964 (Preble),All Students,2023,0.0%,100.0%
Colonel Crawford Local - 046516 (Crawford),All Students,2023,9.9%,95.1%
Columbia Local - 048140 (Lorain),All Students,2023,16.8%,93.2%
Columbiana Exempted Village - 045328 (Columbiana),All Students,2023,21.1%,93.0%
Columbus Arts & Technology Academy - 000557 (Franklin),All Students,2023,60.8%,84.2%
Columbus Bilingual Academy-North - 011468 (Franklin),All Students,2023,38.3%,89.8%
Columbus City Schools District - 043802 (Franklin),All Students,2023,57.6%,82.0%
Columbus Collegiate Academy - 009122 (Franklin),All Students,2023,60.1%,82.0%
Columbus Collegiate Academy - West - 012951 (Franklin),All Students,2023,61.1%,84.0%
Columbus Grove Local - 049312 (Putnam),All Students,2023,8.7%,95.5%
"Columbus Humanities, Arts And Technology Academy - 000553 (Franklin)",All Students,2023,41.5%,87.3%
Columbus Performance Academy - 012011 (Franklin),All Students,2023,66.3%,81.5%
Columbus Preparatory Academy - 000558 (Franklin),All Students,2023,29.1%,91.7%
Columbus Preparatory And Fitness Academy - 000952 (Franklin),All Students,2023,40.5%,89.3%
Conneaut Area City - 043810 (Ashtabula),All Students,2023,34.4%,90.2%
Conotton Valley Union Local - 047548 (Harrison),All Students,2023,21.9%,92.6%
Constellation Schools: Eastside Arts Academy - 012671 (Cuyahoga),All Students,2023,52.0%,87.3%
Constellation Schools: Elyria Community - 132969 (Lorain),All Students,2023,34.2%,90.0%
Constellation Schools: Lorain Community Elementary - 132951 (Lorain),All Students,2023,58.3%,86.5%
Constellation Schools: Lorain Community Middle - 000320 (Lorain),All Students,2023,57.5%,86.0%
Constellation Schools: Madison Community Elementary - 000319 (Cuyahoga),All Students,2023,47.3%,88.6%
Constellation Schools: Old Brooklyn Community Elementary - 134098 (Cuyahoga),All Students,2023,52.0%,86.8%
Constellation Schools: Old Brooklyn Community Middle - 000321 (Cuyahoga),All Students,2023,44.8%,88.3%
Constellation Schools: Parma Community - 133256 (Cuyahoga),All Students,2023,43.0%,88.2%
Constellation Schools: Puritas Community Elementary - 143479 (Cuyahoga),All Students,2023,37.8%,89.7%
Constellation Schools: Puritas Community Middle - 000534 (Cuyahoga),All Students,2023,34.7%,90.6%
Constellation Schools: Stockyard Community Elementary - 143487 (Cuyahoga),All Students,2023,57.1%,85.9%
Constellation Schools: Stockyard Community Middle - 012025 (Cuyahoga),All Students,2023,65.2%,84.3%
Constellation Schools: Westpark Community Elementary - 132993 (Cuyahoga),All Students,2023,42.3%,89.2%
Constellation Schools: Westpark Community Middle - 000316 (Cuyahoga),All Students,2023,45.3%,88.8%
Constellation Schools: Westside Community School Of The Arts - 009149 (Cuyahoga),All Students,2023,55.4%,85.6%
Continental Local - 049320 (Putnam),All Students,2023,9.8%,94.9%
Copley-Fairlawn City - 049981 (Summit),All Students,2023,13.7%,93.6%
Cornerstone Academy Community School - 133439 (Franklin),All Students,2023,16.3%,93.5%
Cory-Rawson Local - 047431 (Hancock),All Students,2023,16.6%,93.7%
Coshocton City - 043828 (Coshocton),All Students,2023,26.2%,92.2%
Coshocton Opportunity School - 000598 (Coshocton),All Students,2023,48.6%,88.7%
Coventry Local - 049999 (Summit),All Students,2023,30.9%,90.9%
Covington Exempted Village - 045336 (Miami),All Students,2023,17.4%,93.6%
Crestline Exempted Village - 045344 (Crawford),All Students,2023,25.4%,91.9%
Crestview Local - 046433 (Columbiana),All Students,2023,24.4%,92.0%
Crestview Local - 049429 (Richland),All Students,2023,12.4%,94.3%
Crestview Local - 050351 (Van Wert),All Students,2023,7.8%,95.4%
Crestwood Local - 049189 (Portage),All Students,2023,10.3%,96.3%
Crooksville Exempted Village - 045351 (Perry),All Students,2023,19.1%,93.4%
Cuyahoga Falls City - 043836 (Summit),All Students,2023,27.8%,90.8%
Cuyahoga Heights Local - 046557 (Cuyahoga),All Students,2023,8.7%,94.9%
Cypress High School - 017497 (Richland),All Students,2023,86.5%,72.2%
Dalton Local - 050542 (Wayne),All Students,2023,9.4%,94.9%
Dampe Community School - 017212 (Hamilton),All Students,2023,85.4%,69.7%
Danbury Local - 048934 (Ottawa),All Students,2023,14.5%,93.6%
Danville Local - 047837 (Knox),All Students,2023,17.5%,93.2%
Dawson-Bryant Local - 047928 (Lawrence),All Students,2023,30.2%,91.8%
Dayton Athletic Vocational Academy - 015714 (Montgomery),All Students,2023,84.8%,76.0%
Dayton Business Technology High School - 008283 (Montgomery),All Students,2023,85.7%,66.8%
Dayton Career Tech High School - 019426 (Montgomery),All Students,2023,88.3%,69.6%
Dayton City - 043844 (Montgomery),All Students,2023,46.9%,84.9%
"Dayton Early College Academy, Inc - 009283 (Montgomery)",All Students,2023,19.1%,92.8%
Dayton Smart Elementary School - 014149 (Montgomery),All Students,2023,53.6%,84.1%
Deca Prep - 012924 (Montgomery),All Students,2023,26.3%,92.4%
Deer Park Community City - 043851 (Hamilton),All Students,2023,30.3%,90.8%
Defiance City - 043869 (Defiance),All Students,2023,19.1%,93.3%
Delaware City - 043877 (Delaware),All Students,2023,17.3%,93.6%
Delphos City - 043885 (Allen),All Students,2023,15.3%,94.1%
Discovery Academy - 014188 (Lucas),All Students,2023,46.5%,89.3%
Dohn Community - 133264 (Hamilton),All Students,2023,94.9%,33.6%
Dover City - 043893 (Tuscarawas),All Students,2023,14.0%,93.4%
Dublin City - 047027 (Franklin),All Students,2023,15.4%,93.6%
Dublin Preparatory Academy Dba Northside Preparatory Academy - 019227 (Hamilton),All Students,2023,70.6%,79.4%
Eagle Charter Schools Of Ohio - 019533 (Franklin),All Students,2023,68.8%,81.1%
Eagle Elementary Of Akron - 012627 (Summit),All Students,2023,73.5%,82.7%
Eagle Learning Center - 008289 (Lucas),All Students,2023,91.6%,44.7%
Early College Academy - 000912 (Franklin),All Students,2023,95.0%,49.7%
East Academy - 014187 (Cuyahoga),All Students,2023,75.4%,78.7%
East Branch Preparatory Academydbawright Preparatory Academy - 015713 (Stark),All Students,2023,68.3%,82.7%
East Bridge Academy Of Excellence - 000938 (Franklin),All Students,2023,30.6%,89.6%
East Cleveland City School District - 043901 (Cuyahoga),All Students,2023,57.9%,84.2%
East Clinton Local - 046409 (Clinton),All Students,2023,29.9%,91.2%
East Guernsey Local - 069682 (Guernsey),All Students,2023,31.2%,91.5%
East Holmes Local - 047688 (Holmes),All Students,2023,11.5%,94.5%
East Knox Local - 047845 (Knox),All Students,2023,15.9%,93.5%
East Liverpool City - 043919 (Columbiana),All Students,2023,43.7%,87.9%
East Muskingum Local - 048835 (Muskingum),All Students,2023,13.6%,94.0%
East Palestine City - 043927 (Columbiana),All Students,2023,35.7%,89.3%
East Preparatory Academy - 014147 (Cuyahoga),All Students,2023,56.5%,86.6%
Eastern Local - 048512 (Meigs),All Students,2023,35.8%,90.5%
Eastern Local School District - 046037 (Brown),All Students,2023,17.6%,93.2%
Eastern Local School District - 049122 (Pike),All Students,2023,24.6%,92.0%
Eastland Preparatory Academy - 014090 (Franklin),All Students,2023,69.4%,81.3%
Eastwood Local - 050674 (Wood),All Students,2023,12.6%,94.5%
Eaton Community City - 043935 (Preble),All Students,2023,17.4%,93.5%
"Edge Academy, The - 133538 (Summit)",All Students,2023,45.3%,89.5%
Edgerton Local - 050617 (Williams),All Students,2023,10.8%,94.7%
Edgewood City School District - 046094 (Butler),All Students,2023,30.5%,90.4%
Edison Local - 047795 (Jefferson),All Students,2023,10.9%,93.3%
Edison Local (Formerly Berlin-Milan) - 046789 (Erie),All Students,2023,18.2%,93.2%
Edon Northwest Local - 050625 (Williams),All Students,2023,8.5%,94.2%
Educational Academy For Boys & Girls - 000779 (Franklin),All Students,2023,29.4%,91.9%
Elevated Excellence Academy - 000576 (Hamilton),All Students,2023,82.6%,76.4%
Elgin Local - 048413 (Marion),All Students,2023,23.4%,92.2%
Elida Local - 045773 (Allen),All Students,2023,24.9%,91.7%
Elmwood Local - 050682 (Wood),All Students,2023,13.5%,94.3%
Elyria City Schools - 043943 (Lorain),All Students,2023,34.0%,89.7%
Emerson Academy - 000577 (Montgomery),All Students,2023,45.8%,88.5%
Euclid City - 043950 (Cuyahoga),All Students,2023,47.5%,87.2%
Euclid Preparatory School - 015712 (Cuyahoga),All Students,2023,64.2%,83.9%
Evergreen Local - 047050 (Fulton),All Students,2023,12.9%,94.0%
Explorers Academy Of Science And Technology - 019474 (Lucas),All Students,2023,36.3%,90.9%
Fairbanks Local - 050328 (Union),All Students,2023,12.9%,94.2%
Fairborn City - 043968 (Greene),All Students,2023,34.9%,89.5%
Fairborn Digital Academy - 149088 (Greene),All Students,2023,0.9%,99.9%
Fairfield City - 046102 (Butler),All Students,2023,22.1%,92.7%
Fairfield Local - 047621 (Highland),All Students,2023,22.6%,92.9%
Fairfield Union Local - 046870 (Fairfield),All Students,2023,20.8%,92.7%
Fairland Local - 047936 (Lawrence),All Students,2023,21.1%,92.7%
Fairlawn Local - 049775 (Shelby),All Students,2023,11.4%,94.4%
Fairless Local - 049841 (Stark),All Students,2023,20.4%,92.6%
Fairport Harbor Exempted Village - 045369 (Lake),All Students,2023,36.3%,90.4%
Fairview Park City - 043976 (Cuyahoga),All Students,2023,16.6%,93.4%
Fayette Local - 047068 (Fulton),All Students,2023,16.2%,93.5%
Fayetteville-Perry Local - 046045 (Brown),All Students,2023,14.2%,94.2%
Federal Hocking Local - 045914 (Athens),All Students,2023,33.5%,90.2%
Felicity-Franklin Local - 046334 (Clermont),All Students,2023,28.7%,91.2%
Field Local - 049197 (Portage),All Students,2023,20.1%,93.0%
Findlay City - 043984 (Hancock),All Students,2023,17.7%,93.4%
Findlay Digital Academy - 000402 (Hancock),All Students,2023,43.6%,87.2%
Finneytown Local - 047332 (Hamilton),All Students,2023,29.8%,90.7%
Firelands Local - 048157 (Lorain),All Students,2023,18.4%,93.1%
Flex High School - 015237 (Franklin),All Students,2023,92.5%,45.0%
Flex High School Cleveland - 019197 (Cuyahoga),All Students,2023,91.5%,58.4%
Focus Learning Academy Of Central Columbus - 019235 (Franklin),All Students,2023,20.3%,94.0%
Focus Learning Academy Of Northern Columbus - 142943 (Franklin),All Students,2023,16.7%,93.8%
Focus Learning Academy Of Southeastern Columbus - 142935 (Franklin),All Students,2023,97.6%,45.7%
Focus Learning Academy Of Southwest Columbus - 142927 (Franklin),All Students,2023,98.5%,43.9%
Focus North High School - 012529 (Franklin),All Students,2023,95.6%,52.5%
Forest Hills Local - 047340 (Hamilton),All Students,2023,12.6%,94.2%
Fort Frye Local - 050484 (Washington),All Students,2023,17.7%,93.3%
Fort Loramie Local - 049783 (Shelby),All Students,2023,2.0%,97.2%
Fort Recovery Local - 048595 (Mercer),All Students,2023,3.0%,96.5%
Fostoria City - 043992 (Seneca),All Students,2023,35.8%,90.3%
Foundation Academy - 009192 (Richland),All Students,2023,37.4%,90.2%
Foxfire High School - 149328 (Muskingum),All Students,2023,56.1%,84.3%
Franklin City - 044008 (Warren),All Students,2023,16.2%,94.2%
Franklin Local - 048843 (Muskingum),All Students,2023,21.9%,92.8%
Franklin Monroe Local - 046649 (Darke),All Students,2023,1.9%,96.6%
Franklinton High School - 019226 (Franklin),All Students,2023,81.9%,74.3%
Franklinton Prep High School - 019201 (Franklin),All Students,2023,98.0%,41.9%
Fredericktown Local - 047852 (Knox),All Students,2023,17.6%,93.5%
Fremont City - 044016 (Sandusky),All Students,2023,24.5%,92.0%
Frontier Local - 050492 (Washington),All Students,2023,23.8%,92.4%
Gahanna-Jefferson City - 046961 (Franklin),All Students,2023,16.4%,93.3%
Galion City - 044024 (Crawford),All Students,2023,27.4%,91.7%
Gallia County Local - 065680 (Gallia),All Students,2023,25.7%,91.7%
Gallipolis City - 044032 (Gallia),All Students,2023,23.6%,91.8%
Garaway Local - 050278 (Tuscarawas),All Students,2023,4.2%,95.7%
Garfield Heights City Schools - 044040 (Cuyahoga),All Students,2023,58.6%,83.9%
Gateway Online Academy Of Ohio - 020078 (Cuyahoga),All Students,2023,61.7%,59.4%
Gem City Career Prep High School - 000813 (Montgomery),All Students,2023,99.2%,42.0%
Geneva Area City - 044057 (Ashtabula),All Students,2023,35.8%,89.8%
Genoa Area Local - 048942 (Ottawa),All Students,2023,15.4%,93.8%
Georgetown Exempted Village - 045377 (Brown),All Students,2023,18.9%,93.1%
Gibsonburg Exempted Village - 045385 (Sandusky),All Students,2023,13.3%,94.2%
Girard City School District - 044065 (Trumbull),All Students,2023,38.7%,89.3%
Glass City Academy - 000131 (Lucas),All Students,2023,99.3%,43.5%
Global Ambassadors Language Academy - 015737 (Cuyahoga),All Students,2023,36.4%,91.0%
Global Village Academy - 012558 (Cuyahoga),All Students,2023,13.8%,94.1%
Goal Digital Academy - 149047 (Richland),All Students,2023,28.1%,90.7%
Goshen Local - 046342 (Clermont),All Students,2023,23.3%,92.6%
Graham Elementary And Middle School - 011972 (Franklin),All Students,2023,47.0%,88.2%
Graham Local - 046193 (Champaign),All Students,2023,15.8%,93.8%
"Graham School, The - 133421 (Franklin)",All Students,2023,59.6%,85.0%
Grand Valley Local - 045864 (Ashtabula),All Students,2023,25.7%,91.8%
Grandview Heights Schools - 044073 (Franklin),All Students,2023,12.4%,94.4%
Granville Exempted Village - 045393 (Licking),All Students,2023,12.0%,94.1%
Great River Connections Academy - 017233 (Franklin),All Students,2023,16.7%,91.8%
Great Western Academy - 143198 (Franklin),All Students,2023,39.6%,89.0%
Greater Ohio Virtual School - 000282 (Warren),All Students,2023,2.1%,99.6%
Greater Summit County Early Learning Center - 011381 (Summit),All Students,2023,27.3%,92.7%
Green Inspiration Academy - 134197 (Cuyahoga),All Students,2023,53.8%,88.5%
Green Local - 049619 (Scioto),All Students,2023,27.3%,91.2%
Green Local - 050013 (Summit),All Students,2023,13.7%,94.0%
Green Local - 050559 (Wayne),All Students,2023,14.8%,94.0%
Greeneview Local - 047266 (Greene),All Students,2023,22.2%,92.7%
Greenfield Exempted Village - 045401 (Highland),All Students,2023,20.6%,92.7%
Greenon Local - 046235 (Clark),All Students,2023,20.6%,92.7%
Greenville City - 044099 (Darke),All Students,2023,21.0%,92.3%
Groveport Community School - 008287 (Franklin),All Students,2023,38.3%,90.0%
Groveport Madison Local - 046979 (Franklin),All Students,2023,36.4%,89.2%
Hamilton City - 044107 (Butler),All Students,2023,35.3%,89.2%
Hamilton Cnty Math & Science - 143602 (Hamilton),All Students,2023,22.7%,93.1%
Hamilton Local - 046953 (Franklin),All Students,2023,28.1%,90.9%
Hardin Community School - 011324 (Hardin),All Students,2023,25.5%,93.3%
Hardin Northern Local - 047498 (Hardin),All Students,2023,10.6%,94.8%
Hardin-Houston Local - 049791 (Shelby),All Students,2023,13.8%,94.0%
Harrison Hills City - 045245 (Harrison),All Students,2023,24.9%,92.1%
Harvard Avenue Performance Academy - 008286 (Cuyahoga),All Students,2023,63.5%,84.3%
Heath City - 044115 (Licking),All Students,2023,19.8%,92.9%
Heir Force Community School - 000613 (Allen),All Students,2023,31.3%,91.0%
Hicksville Exempted Village School District - 045419 (Defiance),All Students,2023,10.6%,94.6%
Highland Local - 048496 (Medina),All Students,2023,10.4%,94.7%
Highland Local - 048801 (Morrow),All Students,2023,17.2%,93.2%
Hilliard City - 047019 (Franklin),All Students,2023,17.2%,93.4%
Hillsboro City - 044123 (Highland),All Students,2023,26.5%,91.7%
Hillsdale Local - 045823 (Ashland),All Students,2023,10.6%,94.8%
Holgate Local - 047571 (Henry),All Students,2023,7.0%,95.1%
Hope Academy Northcoast - 142968 (Cuyahoga),All Students,2023,67.3%,81.6%
Hope Learning Academy Of Toledo - 014091 (Lucas),All Students,2023,40.6%,89.7%
Hopewell-Loudon Local - 049700 (Seneca),All Students,2023,6.6%,95.5%
Horizon Science Academy Columbus - 133660 (Franklin),All Students,2023,27.7%,92.3%
Horizon Science Academy Columbus Middle School - 009179 (Franklin),All Students,2023,31.7%,91.2%
Horizon Science Academy Dayton Downtown - 011976 (Montgomery),All Students,2023,70.4%,85.1%
Horizon Science Academy Dayton High School - 011534 (Montgomery),All Students,2023,66.5%,82.4%
Horizon Science Academy Elementary School - 009990 (Franklin),All Students,2023,19.3%,93.1%
Horizon Science Academy Lorain - 011533 (Lorain),All Students,2023,33.8%,91.1%
Horizon Science Academy Primary - 017123 (Franklin),All Students,2023,24.6%,92.2%
Horizon Science Academy Toledo - 000338 (Lucas),All Students,2023,42.2%,89.7%
Horizon Science Academy Youngstown - 011986 (Mahoning),All Students,2023,60.8%,86.2%
Horizon Science Academy-Cincinnati - 000804 (Hamilton),All Students,2023,56.8%,85.1%
Horizon Science Academy-Cleveland Middle School - 000858 (Cuyahoga),All Students,2023,28.2%,91.9%
Horizon Science Academy-Dayton - 000808 (Montgomery),All Students,2023,70.9%,83.7%
Horizon Science Academy-Denison Middle School - 000838 (Cuyahoga),All Students,2023,44.2%,88.6%
Horizon Science Academy-Springfield - 000825 (Lucas),All Students,2023,49.0%,86.5%
Howland Local - 050161 (Trumbull),All Students,2023,28.8%,91.2%
Hubbard Exempted Village - 045427 (Trumbull),All Students,2023,23.0%,92.1%
Huber Heights City - 048751 (Montgomery),All Students,2023,29.0%,91.0%
Huber Heights Preparatory Academy Dba Parma Academy - 017535 (Cuyahoga),All Students,2023,53.6%,86.0%
Hudson City - 050021 (Summit),All Students,2023,9.7%,94.6%
Huntington Local - 049502 (Ross),All Students,2023,32.6%,90.8%
Huron City Schools - 044131 (Erie),All Students,2023,15.2%,93.7%
"Idea Greater Cincinnati, Inc - 020007 (Hamilton)",All Students,2023,65.9%,83.7%
Ilead Spring Meadows - 015736 (Lucas),All Students,2023,49.0%,86.4%
Imagine Akron Academy - 011947 (Summit),All Students,2023,38.1%,90.9%
Imagine Columbus Primary Academy - 014139 (Franklin),All Students,2023,34.8%,89.9%
Imagine Environmental Science Academy - 013173 (Lucas),All Students,2023,72.3%,81.7%
Imagine Leadership Academy - 014121 (Summit),All Students,2023,28.7%,90.8%
Independence Local - 046565 (Cuyahoga),All Students,2023,16.5%,93.7%
Indian Creek Local - 047803 (Jefferson),All Students,2023,43.4%,89.2%
Indian Hill Exempted Village - 045435 (Hamilton),All Students,2023,10.8%,94.6%
Indian Lake Local - 048082 (Logan),All Students,2023,14.0%,94.2%
Indian Valley Local - 050286 (Tuscarawas),All Students,2023,17.6%,93.3%
Innovation Academy West - 143313 (Cuyahoga),All Students,2023,38.4%,88.5%
Interactive Media & Construction (Imac) - 000905 (Richland),All Students,2023,93.4%,63.0%
International Acad Of Columbus - 143172 (Franklin),All Students,2023,31.9%,91.6%
Invictus High School - 133835 (Cuyahoga),All Students,2023,99.0%,33.5%
Ironton City School District - 044149 (Lawrence),All Students,2023,31.3%,91.0%
Jackson Center Local - 049809 (Shelby),All Students,2023,13.6%,94.4%
Jackson City - 044156 (Jackson),All Students,2023,23.0%,92.3%
Jackson Local - 049858 (Stark),All Students,2023,12.3%,94.4%
Jackson-Milton Local - 048322 (Mahoning),All Students,2023,21.1%,92.8%
James A Garfield Local - 049205 (Portage),All Students,2023,22.5%,92.1%
Jefferson Area Local - 045872 (Ashtabula),All Students,2023,25.6%,91.9%
Jefferson Local - 048256 (Madison),All Students,2023,21.2%,92.0%
Jefferson Township Local - 048686 (Montgomery),All Students,2023,45.7%,87.5%
Jennings Local - 049338 (Putnam),All Students,2023,6.7%,95.4%
Johnstown-Monroe Local - 047985 (Licking),All Students,2023,18.8%,93.0%
Jonathan Alder Local - 048264 (Madison),All Students,2023,12.5%,94.1%
Joseph Badger Local - 050179 (Trumbull),All Students,2023,22.4%,92.5%
Kalida Local - 049346 (Putnam),All Students,2023,4.7%,96.1%
Kelleys Island Local - 046797 (Erie),All Students,2023,<10,<10
Kenmore Preparatory Academy Dba Toledo Preparatory Academy - 017536 (Lucas),All Students,2023,80.5%,76.9%
Kenston Local - 047191 (Geauga),All Students,2023,9.5%,94.9%
Kent City - 044164 (Portage),All Students,2023,25.5%,91.7%
Kenton City - 044172 (Hardin),All Students,2023,23.5%,92.9%
Kettering City School District - 044180 (Montgomery),All Students,2023,15.0%,94.1%
Keystone Local - 048165 (Lorain),All Students,2023,15.8%,93.5%
Kids Care Elementary - 016836 (Franklin),All Students,2023,39.0%,89.7%
Kings Local - 050435 (Warren),All Students,2023,14.7%,93.9%
Kipp Columbus - 009997 (Franklin),All Students,2023,48.6%,87.7%
Kirtland Local - 047878 (Lake),All Students,2023,12.5%,94.1%
Klepinger Community School - 009957 (Montgomery),All Students,2023,71.7%,82.8%
L. Hollingworth School For Talented And Gifted - 010205 (Lucas),All Students,2023,46.1%,88.8%
Labrae Local - 050245 (Trumbull),All Students,2023,23.8%,92.4%
Lake Erie College Preparatory School - 013132 (Cuyahoga),All Students,2023,64.5%,84.0%
Lake Erie International High School - 151183 (Cuyahoga),All Students,2023,99.5%,33.5%
Lake Local - 049866 (Stark),All Students,2023,11.6%,94.3%
Lake Local - 050690 (Wood),All Students,2023,18.1%,93.3%
Lakeland Academy Community School - 011511 (Harrison),All Students,2023,11.5%,94.3%
Lakeview Local - 050187 (Trumbull),All Students,2023,18.1%,93.1%
Lakewood City - 044198 (Cuyahoga),All Students,2023,17.8%,93.3%
Lakewood Local - 047993 (Licking),All Students,2023,21.5%,92.2%
Lakota Local - 046110 (Butler),All Students,2023,16.0%,93.8%
Lakota Local - 049569 (Sandusky),All Students,2023,15.4%,93.9%
Lancaster City - 044206 (Fairfield),All Students,2023,31.6%,90.1%
Lebanon City - 044214 (Warren),All Students,2023,17.6%,93.2%
Leetonia Exempted Village School District - 045443 (Columbiana),All Students,2023,30.3%,90.9%
Legacy Academy Of Excellence - 020091 (Franklin),All Students,2023,49.2%,87.4%
Leipsic Local - 049353 (Putnam),All Students,2023,11.3%,94.7%
Lexington Local - 049437 (Richland),All Students,2023,16.1%,93.4%
Liberty Center Local - 047589 (Henry),All Students,2023,12.1%,94.3%
Liberty High School - 016849 (Montgomery),All Students,2023,98.1%,40.1%
Liberty Local - 050195 (Trumbull),All Students,2023,44.2%,87.0%
Liberty Preparatory School - 013962 (Wayne),All Students,2023,95.3%,66.1%
Liberty Union-Thurston Local - 046888 (Fairfield),All Students,2023,16.1%,93.5%
Liberty-Benton Local - 047449 (Hancock),All Students,2023,5.2%,95.5%
Licking Heights Local - 048009 (Licking),All Students,2023,21.1%,92.8%
Licking Valley Local - 048017 (Licking),All Students,2023,16.6%,93.6%
Lima City - 044222 (Allen),All Students,2023,39.0%,87.9%
Lincoln Park Academy - 014065 (Cuyahoga),All Students,2023,67.8%,82.0%
Lincolnview Local - 050369 (Van Wert),All Students,2023,10.0%,95.2%
Lisbon Exempted Village - 045450 (Columbiana),All Students,2023,40.8%,89.0%
Little Miami Local - 050443 (Warren),All Students,2023,14.8%,93.8%
Lockland Local - 044230 (Hamilton),All Students,2023,57.5%,83.6%
Logan Elm Local - 049080 (Pickaway),All Students,2023,17.2%,93.3%
Logan-Hocking Local - 044248 (Hocking),All Students,2023,27.6%,91.6%
London City - 044255 (Madison),All Students,2023,29.8%,91.1%
Lorain Bilingual Preparatory Academy - 017270 (Lorain),All Students,2023,64.3%,83.6%
Lorain City - 044263 (Lorain),All Students,2023,59.0%,81.3%
Lorain Preparatory Academy - 008000 (Lorain),All Students,2023,61.8%,83.4%
Lorain Preparatory High School - 020186 (Lorain),All Students,2023,86.1%,77.3%
Lordstown Local - 050203 (Trumbull),All Students,2023,27.8%,92.0%
Loudonville-Perrysville Exempted Village - 045468 (Ashland),All Students,2023,14.6%,94.0%
Louisville City - 049874 (Stark),All Students,2023,16.4%,93.5%
Loveland City - 044271 (Hamilton),All Students,2023,12.1%,94.3%
Lowellville Local - 048330 (Mahoning),All Students,2023,42.7%,88.9%
Lucas Local - 049445 (Richland),All Students,2023,13.2%,94.0%
Lynchburg-Clay Local - 047639 (Highland),All Students,2023,17.4%,93.3%
Mad River Local - 048702 (Montgomery),All Students,2023,34.2%,90.0%
Madeira City - 044289 (Hamilton),All Students,2023,7.1%,95.2%
Madison Avenue School Of Arts - 009955 (Lucas),All Students,2023,61.9%,82.0%
Madison Local - 046128 (Butler),All Students,2023,18.6%,93.1%
Madison Local - 047886 (Lake),All Students,2023,25.9%,91.8%
Madison Local - 049452 (Richland),All Students,2023,21.5%,92.7%
Madison-Plains Local - 048272 (Madison),All Students,2023,16.0%,93.5%
Mahoning County High School - 009996 (Mahoning),All Students,2023,85.8%,68.2%
Mahoning Unlimited Classroom - 148999 (Mahoning),All Students,2023,71.3%,47.7%
Main Preparatory Academy - 014066 (Summit),All Students,2023,51.7%,85.8%
Manchester Local - 000442 (Adams),All Students,2023,21.8%,92.6%
Manchester Local - 050005 (Summit),All Students,2023,15.1%,93.9%
Mansfield City - 044297 (Richland),All Students,2023,36.8%,89.8%
Maple Heights City - 044305 (Cuyahoga),All Students,2023,49.5%,87.3%
Mapleton Local - 045831 (Ashland),All Students,2023,17.5%,93.5%
Maplewood Local - 050211 (Trumbull),All Students,2023,15.7%,93.7%
Margaretta Local - 046805 (Erie),All Students,2023,18.7%,93.6%
Mariemont City - 044313 (Hamilton),All Students,2023,11.3%,94.0%
Marietta City - 044321 (Washington),All Students,2023,28.3%,91.4%
Marion City - 044339 (Marion),All Students,2023,44.1%,87.2%
Marion Local - 048553 (Mercer),All Students,2023,2.1%,97.1%
Marion Preparatory Academy - 017585 (Marion),All Students,2023,44.6%,87.9%
"Maritime Academy Of Toledo, The - 000770 (Lucas)",All Students,2023,81.4%,67.8%
Marlington Local - 049882 (Stark),All Students,2023,19.8%,92.9%
Marshall High School - 132803 (Butler),All Students,2023,95.3%,51.4%
Martins Ferry City - 044347 (Belmont),All Students,2023,33.8%,90.4%
Marysville Exempted Village - 045476 (Union),All Students,2023,16.9%,93.5%
Mason City - 050450 (Warren),All Students,2023,29.7%,91.3%
Mason Run High School - 012037 (Franklin),All Students,2023,97.5%,43.8%
Massillon City - 044354 (Stark),All Students,2023,38.6%,88.2%
Mathews Local - 050153 (Trumbull),All Students,2023,22.7%,92.0%
Maumee City - 044362 (Lucas),All Students,2023,16.1%,93.6%
Mayfield City - 044370 (Cuyahoga),All Students,2023,21.6%,92.9%
Maysville Local - 048850 (Muskingum),All Students,2023,21.9%,92.6%
Mccomb Local - 047456 (Hancock),All Students,2023,13.5%,94.5%
Mcdonald Local - 050229 (Trumbull),All Students,2023,16.3%,93.6%
Mechanicsburg Exempted Village - 045484 (Champaign),All Students,2023,15.5%,93.6%
Medina City Sd - 044388 (Medina),All Students,2023,16.9%,93.4%
Meigs Local - 048520 (Meigs),All Students,2023,39.1%,89.2%
Mentor Exempted Village - 045492 (Lake),All Students,2023,16.9%,93.5%
Miami East Local - 048629 (Miami),All Students,2023,8.0%,95.2%
Miami Trace Local - 046920 (Fayette),All Students,2023,24.0%,92.3%
Miami Valley Academies - 132944 (Montgomery),All Students,2023,41.6%,87.1%
Miamisburg City - 044396 (Montgomery),All Students,2023,24.5%,91.9%
Middlebury Academy - 134213 (Summit),All Students,2023,64.6%,83.0%
Middletown City - 044404 (Butler),All Students,2023,44.9%,87.3%
Middletown Preparatory & Fitness Academy - 143214 (Butler),All Students,2023,41.3%,89.6%
Midnimo Cross Cultural Middle School - 000780 (Franklin),All Students,2023,22.1%,92.9%
Midview Local - 048173 (Lorain),All Students,2023,20.6%,92.2%
Milford Exempted Village - 045500 (Clermont),All Students,2023,18.9%,92.8%
Millcreek-West Unity Local - 050633 (Williams),All Students,2023,16.6%,93.7%
Miller City-New Cleveland Local - 049361 (Putnam),All Students,2023,1.4%,96.9%
Milton-Union Exempted Village - 045518 (Miami),All Students,2023,21.6%,92.7%
Minerva Local - 049890 (Stark),All Students,2023,21.9%,92.6%
Minford Local - 049627 (Scioto),All Students,2023,29.1%,91.5%
Minster Local - 045948 (Auglaize),All Students,2023,7.0%,95.8%
Mississinawa Valley Local - 046672 (Darke),All Students,2023,15.9%,94.0%
Mogadore Local - 050039 (Summit),All Students,2023,13.9%,94.0%
Mohawk Local - 050740 (Wyandot),All Students,2023,9.0%,95.0%
Monroe Local - 139303 (Butler),All Students,2023,21.4%,93.2%
Monroe Preparatory Academy - 008064 (Erie),All Students,2023,58.9%,85.9%
Monroeville Local - 047712 (Huron),All Students,2023,16.6%,93.8%
Montgomery Preparatory Academy - 017259 (Montgomery),All Students,2023,70.3%,81.4%
Montpelier Exempted Village - 045526 (Williams),All Students,2023,16.9%,93.6%
Morgan Local - 048777 (Morgan),All Students,2023,28.3%,91.9%
Mount Auburn Preparatory Academy - 017274 (Hamilton),All Students,2023,87.6%,72.2%
Mount Gilead Exempted Village - 045534 (Morrow),All Students,2023,25.3%,92.0%
Mount Vernon City - 044420 (Knox),All Students,2023,20.3%,92.9%
Mt Healthy City - 044412 (Hamilton),All Students,2023,48.2%,86.2%
Mt. Healthy Preparatory And Fitness Academy - 000953 (Hamilton),All Students,2023,43.0%,88.7%
Napoleon Area City - 044438 (Henry),All Students,2023,10.7%,94.4%
National Trail Local - 049270 (Preble),All Students,2023,16.0%,93.9%
Nelsonville-York City - 044446 (Athens),All Students,2023,39.4%,89.3%
New Albany-Plain Local - 046995 (Franklin),All Students,2023,10.2%,94.7%
New Boston Local - 044461 (Scioto),All Students,2023,28.1%,91.9%
New Bremen Local - 045955 (Auglaize),All Students,2023,5.1%,96.1%
New Knoxville Local - 045963 (Auglaize),All Students,2023,7.7%,95.7%
New Lebanon Local School District - 048710 (Montgomery),All Students,2023,22.7%,93.0%
New Lexington School District - 044479 (Perry),All Students,2023,27.0%,91.9%
New London Local - 047720 (Huron),All Students,2023,19.3%,93.0%
New Miami Local - 046136 (Butler),All Students,2023,47.1%,87.9%
New Philadelphia City - 044487 (Tuscarawas),All Students,2023,25.5%,91.4%
New Richmond Exempted Village - 045559 (Clermont),All Students,2023,23.7%,92.3%
New Riegel Local - 049718 (Seneca),All Students,2023,8.5%,95.3%
Newark City - 044453 (Licking),All Students,2023,32.1%,90.4%
Newcomerstown Exempted Village - 045542 (Tuscarawas),All Students,2023,15.7%,93.7%
Newton Falls Exempted Village - 045567 (Trumbull),All Students,2023,39.3%,89.6%
Newton Local - 048637 (Miami),All Students,2023,10.7%,94.8%
Niles City - 044495 (Trumbull),All Students,2023,45.0%,87.5%
Niles Preparatory Academy - 019478 (Trumbull),All Students,2023,45.0%,89.6%
Noble Academy-Cleveland - 008278 (Cuyahoga),All Students,2023,34.1%,91.0%
Noble Academy-Columbus - 008280 (Franklin),All Students,2023,41.3%,88.8%
Noble Local - 048900 (Noble),All Students,2023,19.5%,93.1%
Nordonia Hills City - 050047 (Summit),All Students,2023,17.5%,93.3%
North Baltimore Local - 050708 (Wood),All Students,2023,15.9%,94.1%
North Canton City - 044503 (Stark),All Students,2023,14.6%,93.9%
North Central Academy - 012054 (Seneca),All Students,2023,42.5%,88.2%
North Central Local - 050641 (Williams),All Students,2023,16.7%,93.4%
North College Hill City - 044511 (Hamilton),All Students,2023,45.8%,88.0%
North Columbus Preparatory Academy - 017538 (Franklin),All Students,2023,82.9%,71.8%
North Dayton School Of Discovery - 143529 (Montgomery),All Students,2023,42.7%,89.5%
North Fork Local - 048025 (Licking),All Students,2023,19.7%,92.9%
North Olmsted City - 044529 (Cuyahoga),All Students,2023,26.2%,91.7%
North Ridgeville City - 044537 (Lorain),All Students,2023,18.6%,93.1%
North Royalton City - 044545 (Cuyahoga),All Students,2023,14.3%,93.8%
North Shore High School - 019220 (Cuyahoga),All Students,2023,99.5%,33.9%
North Union Local School District - 050336 (Union),All Students,2023,19.1%,93.1%
North Woods Career Prep High School - 008282 (Franklin),All Students,2023,83.8%,57.2%
Northeastern Local - 046250 (Clark),All Students,2023,25.2%,91.9%
Northeastern Local - 046722 (Defiance),All Students,2023,12.0%,94.5%
Northern Local - 049056 (Perry),All Students,2023,21.8%,92.7%
Northland Preparatory And Fitness Academy - 000511 (Franklin),All Students,2023,44.6%,89.7%
Northmont City - 048728 (Montgomery),All Students,2023,17.1%,93.4%
Northmor Local - 048819 (Morrow),All Students,2023,17.9%,93.4%
Northridge Local - 048033 (Licking),All Students,2023,18.9%,93.1%
Northridge Local - 048736 (Montgomery),All Students,2023,44.0%,89.0%
Northwest Local - 047365 (Hamilton),All Students,2023,36.5%,89.2%
Northwest Local - 049635 (Scioto),All Students,2023,32.1%,91.3%
Northwest Local - 049908 (Stark),All Students,2023,6.9%,95.7%
Northwest Ohio Classical Academy - 017498 (Lucas),All Students,2023,13.5%,94.0%
Northwestern Local - 046268 (Clark),All Students,2023,17.0%,93.4%
Northwestern Local - 050575 (Wayne),All Students,2023,17.6%,93.4%
Northwood Local Schools - 050716 (Wood),All Students,2023,25.0%,92.1%
Norton City - 044552 (Summit),All Students,2023,21.8%,92.6%
Norwalk City - 044560 (Huron),All Students,2023,23.5%,92.3%
Norwayne Local - 050567 (Wayne),All Students,2023,11.5%,94.4%
Norwood City - 044578 (Hamilton),All Students,2023,35.4%,89.4%
Oak Hill Union Local - 047761 (Jackson),All Students,2023,29.7%,91.3%
Oak Hills Local - 047373 (Hamilton),All Students,2023,26.0%,91.4%
Oakstone Community School - 000679 (Franklin),All Students,2023,12.9%,94.0%
Oakwood City - 044586 (Montgomery),All Students,2023,11.9%,94.5%
Oberlin City Schools - 044594 (Lorain),All Students,2023,21.8%,92.0%
"Ohio Achievement Charter Schools, Inc. Dba Millennium Commun - 133561 (Franklin)",All Students,2023,48.2%,88.6%
Ohio College Preparatory School - 013253 (Cuyahoga),All Students,2023,66.8%,82.5%
"Ohio Connections Academy, Inc - 000236 (Cuyahoga)",All Students,2023,8.5%,96.8%
Ohio Construction Academy - 014067 (Franklin),All Students,2023,63.4%,78.5%
Ohio Digital Learning School - 017643 (Lucas),All Students,2023,29.1%,79.7%
Ohio Virtual Academy - 142950 (Lucas),All Students,2023,6.3%,97.3%
Old Brook High School - 012038 (Cuyahoga),All Students,2023,98.4%,45.0%
Old Fort Local - 049726 (Seneca),All Students,2023,10.5%,94.8%
Olentangy Local - 046763 (Delaware),All Students,2023,11.3%,94.4%
Olmsted Falls City - 046573 (Cuyahoga),All Students,2023,19.1%,93.1%
Ontario Local - 049478 (Richland),All Students,2023,10.7%,94.4%
Orange City - 046581 (Cuyahoga),All Students,2023,13.3%,94.2%
Orchard Park Academy - 016837 (Cuyahoga),All Students,2023,43.9%,89.0%
Oregon City - 044602 (Lucas),All Students,2023,21.8%,92.1%
Orion Academy - 000559 (Hamilton),All Students,2023,68.6%,82.8%
Orrville City - 044610 (Wayne),All Students,2023,15.9%,93.5%
Osnaburg Local - 049916 (Stark),All Students,2023,18.8%,93.1%
Otsego Local - 050724 (Wood),All Students,2023,16.3%,93.8%
Ottawa Hills Local - 048215 (Lucas),All Students,2023,7.5%,95.2%
Ottawa-Glandorf Local - 049379 (Putnam),All Students,2023,6.6%,95.5%
Ottoville Local - 049387 (Putnam),All Students,2023,7.1%,95.6%
Painesville City Local - 044628 (Lake),All Students,2023,38.8%,89.8%
Paint Valley Local - 049510 (Ross),All Students,2023,24.6%,91.8%
Pandora-Gilboa Local - 049395 (Putnam),All Students,2023,12.1%,94.8%
Par Excellence Academy Dba Par Excellence Stem Academy - 000941 (Licking),All Students,2023,34.0%,91.0%
Parkway Local - 048579 (Mercer),All Students,2023,11.7%,94.8%
Parma City - 044636 (Cuyahoga),All Students,2023,24.2%,92.1%
Pathway School Of Discovery - 000138 (Montgomery),All Students,2023,39.3%,89.8%
Patrick Henry Local - 047597 (Henry),All Students,2023,14.2%,93.8%
Patriot Preparatory Academy - 012045 (Franklin),All Students,2023,21.2%,93.1%
Paulding Exempted Village - 045575 (Paulding),All Students,2023,13.9%,94.1%
Performance Academy Eastland - 010182 (Franklin),All Students,2023,40.3%,88.6%
Perkins Local - 046813 (Erie),All Students,2023,13.3%,94.3%
Perry Local - 045781 (Allen),All Students,2023,26.6%,91.0%
Perry Local - 047902 (Lake),All Students,2023,18.8%,93.1%
Perry Local - 049924 (Stark),All Students,2023,14.8%,94.1%
Perrysburg Exempted Village - 045583 (Wood),All Students,2023,8.9%,95.0%
Pettisville Local - 047076 (Fulton),All Students,2023,9.4%,94.9%
Pickerington Local - 046896 (Fairfield),All Students,2023,18.5%,93.2%
Pike-Delta-York Local - 047084 (Fulton),All Students,2023,15.8%,93.5%
Pinnacle Academy - 000543 (Cuyahoga),All Students,2023,38.8%,89.9%
Piqua City - 044644 (Miami),All Students,2023,30.2%,91.2%
Plain Local - 049932 (Stark),All Students,2023,15.0%,93.9%
Pleasant Local - 048421 (Marion),All Students,2023,17.0%,93.3%
Plymouth-Shiloh Local - 049460 (Richland),All Students,2023,17.5%,93.4%
Poland Local - 048348 (Mahoning),All Students,2023,19.5%,92.9%
Port Clinton City - 044651 (Ottawa),All Students,2023,23.5%,92.3%
Portsmouth City - 044669 (Scioto),All Students,2023,38.8%,90.1%
Post Secondary/Out of State - 999999 (Not Applicable),All Students,2023,<10,<10
Preble Shawnee Local - 049288 (Preble),All Students,2023,22.7%,92.4%
Princeton City - 044677 (Hamilton),All Students,2023,28.1%,90.9%
Priority High School - 017599 (Hamilton),All Students,2023,96.1%,33.5%
Promise Academy - 000936 (Cuyahoga),All Students,2023,99.1%,32.0%
Put-In-Bay Local - 048975 (Ottawa),All Students,2023,19.7%,93.0%
Pymatuning Valley Local - 045880 (Ashtabula),All Students,2023,26.6%,91.7%
Quaker Digital Academy - 000241 (Tuscarawas),All Students,2023,12.7%,92.1%
Queen City Career Prep High School - 133785 (Hamilton),All Students,2023,100.0%,31.9%
Randall Park High School - 151209 (Cuyahoga),All Students,2023,99.1%,34.8%
Ravenna City - 044685 (Portage),All Students,2023,36.8%,89.4%
Reading Community City - 044693 (Hamilton),All Students,2023,30.0%,90.6%
Regeneration Bond Hill - 017490 (Hamilton),All Students,2023,51.9%,87.1%
Regeneration Schools Avondale Elementary - 133504 (Hamilton),All Students,2023,81.2%,78.5%
Regent High School - 012036 (Cuyahoga),All Students,2023,99.7%,34.9%
Renaissance Academy Dba Bessie Sherrod Price Preparatory Aca - 011439 (Franklin),All Students,2023,77.8%,76.5%
Revere Local - 050054 (Summit),All Students,2023,13.5%,94.1%
Reynoldsburg City - 047001 (Franklin),All Students,2023,30.6%,90.9%
Richard Allen Academy - 133736 (Butler),All Students,2023,33.7%,92.0%
Richard Allen Preparatory - 133348 (Montgomery),All Students,2023,55.1%,87.2%
Richmond Heights Local - 046599 (Cuyahoga),All Students,2023,25.8%,92.6%
Ridgedale Local - 048439 (Marion),All Students,2023,22.2%,92.9%
Ridgemont Local - 047506 (Hardin),All Students,2023,16.6%,93.3%
Ridgewood Local - 046474 (Coshocton),All Students,2023,16.0%,93.7%
Ripley-Union-Lewis-Huntington Local - 046078 (Brown),All Students,2023,22.8%,92.5%
Rise & Shine Academy - 013999 (Lucas),All Students,2023,42.4%,89.5%
Rittman Academy - 000640 (Wayne),All Students,2023,82.2%,74.9%
Rittman Exempted Village - 045591 (Wayne),All Students,2023,13.5%,94.1%
River Gate High School - 133488 (Trumbull),All Students,2023,97.8%,49.7%
River Valley Local - 048447 (Marion),All Students,2023,13.9%,94.1%
River View Local - 046482 (Coshocton),All Students,2023,21.3%,92.6%
Riverdale Local - 047514 (Hancock),All Students,2023,15.5%,93.8%
"Riverside Community School, Inc. Dba Riverside Academy - 133678 (Hamilton)",All Students,2023,79.1%,75.7%
Riverside Local - 047894 (Lake),All Students,2023,18.9%,92.8%
Riverside Local - 048090 (Logan),All Students,2023,17.3%,93.3%
Road To Success Academy - 012040 (Franklin),All Students,2023,92.5%,52.6%
Rock Hill Local - 047944 (Lawrence),All Students,2023,27.1%,92.0%
Rocky River City - 044701 (Cuyahoga),All Students,2023,10.8%,94.5%
Rolling Hills Local - 047308 (Guernsey),All Students,2023,25.8%,92.0%
Rootstown Local - 049213 (Portage),All Students,2023,19.5%,93.2%
Ross Local - 046144 (Butler),All Students,2023,13.0%,94.3%
Rossford Exempted Village - 045609 (Wood),All Students,2023,18.4%,92.7%
Russia Local - 049817 (Shelby),All Students,2023,2.9%,96.6%
Salem City - 044735 (Columbiana),All Students,2023,36.5%,89.7%
Sandusky City - 044743 (Erie),All Students,2023,35.1%,89.8%
Sandy Valley Local - 049940 (Stark),All Students,2023,17.7%,93.1%
Schnee Learning Center - 147231 (Summit),All Students,2023,85.3%,66.0%
Scioto Valley Local - 049130 (Pike),All Students,2023,22.3%,92.6%
Sciotoville Community School - 143644 (Scioto),All Students,2023,44.6%,89.5%
Sebring Local - 048355 (Mahoning),All Students,2023,17.3%,92.7%
Seneca East Local - 049684 (Seneca),All Students,2023,8.3%,95.1%
Shadyside Local - 046003 (Belmont),All Students,2023,29.4%,91.0%
Shaker Heights City - 044750 (Cuyahoga),All Students,2023,28.8%,91.0%
Shawnee Local - 045799 (Allen),All Students,2023,14.0%,94.1%
Sheffield Academy - 020092 (Lorain),All Students,2023,55.2%,87.5%
Sheffield-Sheffield Lake City - 044768 (Lorain),All Students,2023,24.1%,91.9%
Shelby City - 044776 (Richland),All Students,2023,13.6%,94.0%
Sidney City - 044784 (Shelby),All Students,2023,28.9%,91.3%
Skyway Career Prep High School - 149302 (Lucas),All Students,2023,99.6%,31.0%
Smart Academy - 016812 (Cuyahoga),All Students,2023,47.4%,88.6%
Solon Academy - 020076 (Cuyahoga),All Students,2023,39.1%,89.6%
Solon City - 046607 (Cuyahoga),All Students,2023,10.8%,94.7%
South Central Local - 047738 (Huron),All Students,2023,9.6%,94.6%
South Columbus Preparatory Academy At German Village - 016829 (Franklin),All Students,2023,68.9%,82.9%
South Columbus Preparatory Academy At Southfield - 019200 (Franklin),All Students,2023,64.8%,82.8%
South Euclid-Lyndhurst City - 044792 (Cuyahoga),All Students,2023,33.7%,90.3%
South Point Local - 047951 (Lawrence),All Students,2023,28.8%,91.9%
South Range Local - 048363 (Mahoning),All Students,2023,8.7%,94.9%
South Scioto Academy - 008281 (Franklin),All Students,2023,58.6%,84.8%
Southeast Local - 049221 (Portage),All Students,2023,23.5%,92.3%
Southeast Local - 050583 (Wayne),All Students,2023,17.8%,93.2%
Southeastern Local - 046276 (Clark),All Students,2023,16.0%,93.9%
Southeastern Local - 049528 (Ross),All Students,2023,27.6%,91.2%
Southern Cleveland Drop Back Indba Innovative Career Academy - 012042 (Cuyahoga),All Students,2023,76.6%,63.4%
Southern Local - 046441 (Columbiana),All Students,2023,37.9%,89.9%
Southern Local - 048538 (Meigs),All Students,2023,31.5%,91.2%
Southern Local - 049064 (Perry),All Students,2023,39.0%,90.0%
Southington Local - 050237 (Trumbull),All Students,2023,21.0%,92.8%
Southside Academy - 012105 (Mahoning),All Students,2023,59.7%,85.1%
Southwest Licking Local - 048041 (Licking),All Students,2023,18.8%,92.8%
Southwest Local - 047381 (Hamilton),All Students,2023,22.5%,92.1%
South-Western City - 044800 (Franklin),All Students,2023,30.9%,90.3%
Spencerville Local - 045807 (Allen),All Students,2023,15.1%,93.9%
Springboro Community City - 050427 (Warren),All Students,2023,9.4%,95.0%
Springfield City School District - 044818 (Clark),All Students,2023,43.0%,87.2%
Springfield Local - 048223 (Lucas),All Students,2023,28.0%,90.7%
Springfield Local - 048371 (Mahoning),All Students,2023,15.4%,93.4%
Springfield Local - 050062 (Summit),All Students,2023,32.0%,90.8%
Springfield Preparatory And Fitness Academy - 000510 (Clark),All Students,2023,50.5%,88.3%
St Bernard-Elmwood Place City - 044719 (Hamilton),All Students,2023,39.8%,89.0%
St Clairsville-Richland City - 045997 (Belmont),All Students,2023,18.5%,93.2%
St Henry Consolidated Local - 048587 (Mercer),All Students,2023,4.2%,96.5%
St Marys City - 044727 (Auglaize),All Students,2023,10.5%,94.8%
Stambaugh Charter Academy - 000855 (Mahoning),All Students,2023,59.6%,85.4%
Stark High School - 142901 (Stark),All Students,2023,89.5%,64.3%
Steam Academy Of Warren - 012644 (Trumbull),All Students,2023,53.9%,87.4%
Steam Academy Of Warrensville Heights - 013147 (Cuyahoga),All Students,2023,75.3%,76.1%
Steel Academy - 014927 (Summit),All Students,2023,88.9%,69.7%
Steubenville City - 044826 (Jefferson),All Students,2023,4.4%,96.2%
Stow-Munroe Falls City School District - 044834 (Summit),All Students,2023,18.3%,93.3%
Strasburg-Franklin Local - 050294 (Tuscarawas),All Students,2023,15.0%,94.0%
Streetsboro City - 049239 (Portage),All Students,2023,15.4%,94.5%
Strongsville Academy - 020189 (Cuyahoga),All Students,2023,23.0%,91.9%
Strongsville City - 044842 (Cuyahoga),All Students,2023,14.5%,93.8%
Struthers City - 044859 (Mahoning),All Students,2023,33.0%,90.6%
Stryker Local - 050658 (Williams),All Students,2023,10.2%,95.1%
Sullivant Avenue Community School - 009953 (Franklin),All Students,2023,54.8%,85.3%
Summit Academy - Toledo - 000301 (Lucas),All Students,2023,42.5%,88.3%
Summit Academy Akron Elementary School - 133587 (Summit),All Students,2023,38.0%,88.7%
Summit Academy Akron Middle School - 132779 (Summit),All Students,2023,43.5%,88.3%
Summit Academy Alternative Learnerswarren Middle & Secondary - 000616 (Trumbull),All Students,2023,63.4%,83.1%
Summit Academy Community School - Cincinnati - 000306 (Hamilton),All Students,2023,71.9%,82.0%
Summit Academy Community School - Dayton - 000297 (Montgomery),All Students,2023,56.8%,86.1%
Summit Academy Community School - Painesville - 000629 (Lake),All Students,2023,63.0%,85.9%
Summit Academy Community School Alternative Learners -Xenia - 132761 (Greene),All Students,2023,47.8%,88.2%
Summit Academy Community School Alternative Learners-Lorain - 133322 (Lorain),All Students,2023,53.3%,87.0%
Summit Academy Community School For Alternative Learn-Canton - 133306 (Stark),All Students,2023,35.6%,90.1%
Summit Academy Community School-Columbus - 000296 (Franklin),All Students,2023,63.6%,84.7%
Summit Academy Community School-Parma - 000302 (Cuyahoga),All Students,2023,61.5%,84.6%
Summit Academy Community School-Warren - 000305 (Trumbull),All Students,2023,44.0%,89.3%
Summit Academy Middle School - Columbus - 000610 (Franklin),All Students,2023,60.5%,82.7%
Summit Academy School - Lorain - 000609 (Lorain),All Students,2023,57.2%,80.6%
Summit Academy Secondary - Akron - 000298 (Summit),All Students,2023,50.8%,85.9%
Summit Academy Secondary - Canton - 000300 (Stark),All Students,2023,34.4%,89.8%
Summit Academy Secondary - Youngstown - 000303 (Mahoning),All Students,2023,46.1%,86.7%
Summit Academy Secondary School - Middletown - 000634 (Butler),All Students,2023,53.4%,86.3%
Summit Academy Transition High School Dayton - 000621 (Montgomery),All Students,2023,70.1%,78.9%
Summit Academy Transition High School-Cincinnati - 000608 (Hamilton),All Students,2023,53.2%,86.1%
Summit Academy Transition High School-Columbus - 000614 (Franklin),All Students,2023,66.1%,83.0%
Summit Academy-Youngstown - 000623 (Mahoning),All Students,2023,47.5%,87.6%
Summit Acdy Comm Schl For Alternative Learners Of Middletown - 132746 (Butler),All Students,2023,43.8%,89.9%
Sunbridge Schools - 013175 (Lucas),All Students,2023,70.9%,83.9%
Swanton Local - 047092 (Fulton),All Students,2023,16.4%,93.5%
Switzerland Of Ohio Local - 048652 (Monroe),All Students,2023,33.3%,91.0%
Sycamore Community City - 044867 (Hamilton),All Students,2023,11.8%,94.5%
Sylvania Schools - 044875 (Lucas),All Students,2023,15.4%,93.8%
Symmes Valley Local - 047969 (Lawrence),All Students,2023,24.0%,92.2%
T.C.P. World Academy - 133330 (Hamilton),All Students,2023,33.1%,90.3%
T2 Honors Academy - 014904 (Cuyahoga),All Students,2023,62.8%,81.7%
Talawanda City - 046151 (Butler),All Students,2023,23.3%,92.4%
Tallmadge City - 044883 (Summit),All Students,2023,15.0%,93.7%
Teays Valley Local - 049098 (Pickaway),All Students,2023,24.5%,91.7%
Tecumseh Local - 046243 (Clark),All Students,2023,27.5%,91.4%
The Academy For Urban Scholars - 012528 (Franklin),All Students,2023,63.2%,84.5%
The Autism Academy Of Learning - 143297 (Lucas),All Students,2023,31.8%,88.8%
The Brilliance School - 013170 (Cuyahoga),All Students,2023,53.1%,86.2%
The Dayton School - 020293 (Montgomery),All Students,2023,97.1%,61.4%
The Richland School Of Academic Arts - 011967 (Richland),All Students,2023,25.8%,92.4%
Three Rivers Local - 047399 (Hamilton),All Students,2023,22.3%,92.5%
Tiffin City Schools - 044891 (Seneca),All Students,2023,19.7%,92.8%
Tipp City Exempted Village - 045617 (Miami),All Students,2023,11.6%,94.4%
Toledo City - 044909 (Lucas),All Students,2023,42.5%,86.5%
Toledo Preparatory And Fitness Academy - 000951 (Lucas),All Students,2023,39.3%,89.1%
Toledo School For The Arts - 133942 (Lucas),All Students,2023,16.9%,93.2%
Tomorrow Center - 148981 (Morrow),All Students,2023,36.9%,87.8%
Toronto City - 044917 (Jefferson),All Students,2023,30.4%,91.4%
Townsend Community School - 012867 (Erie),All Students,2023,46.9%,78.4%
Towpath Trail High School - 133868 (Summit),All Students,2023,97.2%,46.4%
Treca Digital Academy - 143305 (Marion),All Students,2023,28.6%,91.2%
Triad Local - 046201 (Champaign),All Students,2023,23.7%,92.5%
Tri-County North Local - 091397 (Preble),All Students,2023,13.3%,93.9%
Trimble Local - 045922 (Athens),All Students,2023,33.3%,90.1%
Tri-Valley Local - 048876 (Muskingum),All Students,2023,16.7%,93.9%
Tri-Village Local - 046680 (Darke),All Students,2023,14.9%,93.7%
Triway Local - 050591 (Wayne),All Students,2023,11.8%,94.1%
Trotwood Preparatory & Fitness Academy - 143206 (Montgomery),All Students,2023,53.6%,87.4%
Trotwood-Madison City - 048694 (Montgomery),All Students,2023,42.1%,88.1%
Troy City - 044925 (Miami),All Students,2023,22.1%,92.6%
Tuscarawas Valley Local - 050302 (Tuscarawas),All Students,2023,14.1%,93.8%
Tuslaw Local - 049957 (Stark),All Students,2023,1.1%,98.7%
Twin Valley Community Local - 049296 (Preble),All Students,2023,12.9%,94.1%
Twinsburg City - 050070 (Summit),All Students,2023,13.7%,94.2%
Union Local - 046011 (Belmont),All Students,2023,33.8%,90.6%
Union-Scioto Local - 049536 (Ross),All Students,2023,23.6%,92.1%
United Local - 046458 (Columbiana),All Students,2023,25.2%,92.1%
United Preparatory Academy - 014467 (Franklin),All Students,2023,59.6%,85.8%
United Preparatory Academy East - 016858 (Franklin),All Students,2023,42.9%,88.2%
Unity Academy - 020046 (Franklin),All Students,2023,76.8%,84.6%
University Of Cleveland Preparatory School - 012541 (Cuyahoga),All Students,2023,79.3%,78.5%
Upper Arlington City - 044933 (Franklin),All Students,2023,10.4%,94.5%
Upper Sandusky Exempted Village - 045625 (Wyandot),All Students,2023,15.6%,93.8%
Upper Scioto Valley Local - 047522 (Hardin),All Students,2023,26.8%,91.9%
Urbana City - 044941 (Champaign),All Students,2023,26.6%,91.7%
Utica Shale Academy Of Ohio - 014830 (Columbiana),All Students,2023,74.7%,81.9%
Valley Local - 049643 (Scioto),All Students,2023,27.5%,91.6%
Valley View Local - 048744 (Montgomery),All Students,2023,12.9%,94.3%
"Valor Academy, Inc. - 019212 (Franklin)",All Students,2023,82.6%,81.3%
Van Buren Local - 047464 (Hancock),All Students,2023,9.1%,94.7%
Van Wert City - 044966 (Van Wert),All Students,2023,19.2%,92.9%
Vandalia-Butler City - 044958 (Montgomery),All Students,2023,16.1%,93.8%
Vanlue Local - 047472 (Hancock),All Students,2023,10.4%,94.2%
Vermilion Local - 046821 (Erie),All Students,2023,23.5%,92.0%
Versailles Exempted Village - 045633 (Darke),All Students,2023,4.0%,96.5%
Victory Academy Of Toledo - 020265 (Lucas),All Students,2023,67.2%,85.5%
Vinton County Local - 050393 (Vinton),All Students,2023,33.3%,90.8%
Wadsworth City - 044974 (Medina),All Students,2023,18.7%,93.2%
Walnut Township Local - 046904 (Fairfield),All Students,2023,21.3%,92.6%
Wapakoneta City - 044982 (Auglaize),All Students,2023,19.2%,93.3%
Warren City - 044990 (Trumbull),All Students,2023,47.7%,86.2%
Warren Local - 050500 (Washington),All Students,2023,18.4%,93.3%
Warrensville Heights City - 045005 (Cuyahoga),All Students,2023,36.4%,89.4%
Washington Court House City - 045013 (Fayette),All Students,2023,31.9%,90.6%
Washington Local - 048231 (Lucas),All Students,2023,30.4%,90.3%
Washington Park Community School - 133280 (Cuyahoga),All Students,2023,74.9%,82.5%
Washington-Nile Local - 049650 (Scioto),All Students,2023,33.8%,91.0%
Waterloo Local - 049247 (Portage),All Students,2023,28.8%,91.8%
Wauseon Exempted Village - 045641 (Fulton),All Students,2023,16.6%,93.6%
Waverly City - 049148 (Pike),All Students,2023,35.0%,90.7%
Wayne Local - 050468 (Warren),All Students,2023,9.9%,94.7%
Wayne Trace Local - 049031 (Paulding),All Students,2023,14.9%,94.2%
Waynesfield-Goshen Local - 045971 (Auglaize),All Students,2023,9.2%,94.9%
Weathersfield Local - 050252 (Trumbull),All Students,2023,22.9%,92.6%
Wellington Exempted Village - 045658 (Lorain),All Students,2023,19.9%,92.9%
Wellston City - 045021 (Jackson),All Students,2023,28.6%,91.1%
Wellsville Local - 045039 (Columbiana),All Students,2023,30.4%,91.4%
West Branch Local - 048389 (Mahoning),All Students,2023,17.2%,93.4%
West Carrollton City - 045054 (Montgomery),All Students,2023,28.0%,91.1%
West Central Learning Academy Ii - 151175 (Allen),All Students,2023,68.5%,67.3%
West Clermont Local - 046359 (Clermont),All Students,2023,32.3%,90.4%
West Cleveland Drop Back In Dba Frederick Douglass High Scho - 012043 (Cuyahoga),All Students,2023,96.0%,45.5%
West Geauga Local - 047225 (Geauga),All Students,2023,20.3%,93.0%
West Holmes Local - 047696 (Holmes),All Students,2023,19.0%,92.6%
West Liberty-Salem Local - 046219 (Champaign),All Students,2023,15.9%,94.0%
West Muskingum Local - 048884 (Muskingum),All Students,2023,22.1%,92.4%
West Park Academy - 014189 (Cuyahoga),All Students,2023,65.6%,83.4%
Western Brown Local - 046060 (Brown),All Students,2023,22.3%,92.8%
Western Local - 049155 (Pike),All Students,2023,32.2%,90.9%
Western Reserve Local - 047746 (Huron),All Students,2023,20.7%,92.9%
Western Reserve Local - 048397 (Mahoning),All Students,2023,15.5%,93.6%
Western Toledo Preparatory Academy - 019511 (Lucas),All Students,2023,49.2%,87.1%
Westerville City - 045047 (Franklin),All Students,2023,19.3%,92.9%
Westfall Local - 049106 (Pickaway),All Students,2023,22.3%,92.5%
Westlake Academy - 020077 (Cuyahoga),All Students,2023,42.4%,90.0%
Westlake City - 045062 (Cuyahoga),All Students,2023,15.3%,93.7%
Westside Academy - 000875 (Franklin),All Students,2023,24.8%,92.9%
Wheelersburg Local - 049668 (Scioto),All Students,2023,16.4%,93.6%
Whitehall City - 045070 (Franklin),All Students,2023,37.7%,89.3%
Whitehall Preparatory And Fitness Academy - 000509 (Franklin),All Students,2023,40.8%,89.3%
Wickliffe City - 045088 (Lake),All Students,2023,31.3%,91.3%
Wildwood Environmental Academy - 000222 (Lucas),All Students,2023,35.7%,90.6%
Willard City - 045096 (Huron),All Students,2023,28.6%,91.7%
Williamsburg Local - 046367 (Clermont),All Students,2023,20.7%,92.8%
Willoughby-Eastlake City - 045104 (Lake),All Students,2023,26.3%,91.9%
Wilmington City - 045112 (Clinton),All Students,2023,29.7%,91.1%
Windham Exempted Village - 045666 (Portage),All Students,2023,35.8%,90.4%
Winterfield Venture Academy - 000546 (Lucas),All Students,2023,46.4%,88.3%
Winton Woods City - 044081 (Hamilton),All Students,2023,39.5%,88.2%
Wolf Creek Local - 050518 (Washington),All Students,2023,15.7%,93.5%
Woodmore Local - 049577 (Sandusky),All Students,2023,14.7%,94.2%
Woodridge Local - 049973 (Summit),All Students,2023,21.5%,92.4%
Wooster City - 045120 (Wayne),All Students,2023,18.3%,93.1%
Worthington City - 045138 (Franklin),All Students,2023,15.1%,93.6%
Wynford Local - 046524 (Crawford),All Students,2023,14.4%,94.2%
Wyoming City - 045146 (Hamilton),All Students,2023,11.5%,94.5%
Xenia Community City - 045153 (Greene),All Students,2023,32.8%,89.8%
Yb Columbus Community School - 132985 (Franklin),All Students,2023,95.3%,53.5%
Yellow Springs Exempted Village - 045674 (Greene),All Students,2023,30.2%,91.3%
Youngstown Academy Of Excellence - 007984 (Mahoning),All Students,2023,70.1%,81.9%
Youngstown City - 045161 (Mahoning),All Students,2023,58.7%,83.9%
Youngstown Community School - 134072 (Mahoning),All Students,2023,48.0%,87.7%
Youngstown Preparatory Academy - 019450 (Mahoning),All Students,2023,54.7%,87.2%
Zane Trace Local - 049544 (Ross),All Students,2023,20.8%,92.7%
Zanesville City - 045179 (Muskingum),All Students,2023,39.0%,90.1%
Zanesville Community High School - 009148 (Muskingum),All Students,2023,25.8%,93.0%
Zenith Academy - 000725 (Franklin),All Students,2023,0.3%,97.1%
Zenith Academy East - 012009 (Franklin),All Students,2023,0.2%,97.2%
Zenith Academy West - 015234 (Franklin),All Students,2023,0.9%,95.9%
