District,Subgroup,Graduates,Non-Graduates,4-Year Graduation Rate,Cohort Year
Academy For Urban Scholars Youngstown - 013249 (Mahoning),All Students,46,33,58.2%,Class of 2022
Achieve Career Preparatory Academy - 011507 (Lucas),All Students,9,28,24.3%,Class of 2022
Achievepoint Career Academy - Cincinnati - 017275 (Hamilton),All Students,32,56,36.4%,Class of 2022
Ada Exempted Village - 045187 (Hardin),All Students,64,4,94.1%,Class of 2022
Adams County Ohio Valley Local - 061903 (Adams),All Students,268,37,87.9%,Class of 2022
Adena Local - 049494 (Ross),All Students,84,9,90.3%,Class of 2022
Akron Career Tech High School - 019427 (Summit),All Students,<10,<10,<10,Class of 2022
Akron City - 043489 (Summit),All Students,1298,210,86.1%,Class of 2022
"Albert Einstein Academy For Letters, Arts And Sciences-Ohio - 013994 (Cuyahoga)",All Students,30,9,76.9%,Class of 2022
Alexander Local - 045906 (Athens),All Students,104,4,96.3%,Class of 2022
Allen East Local - 045757 (Allen),All Students,94,3,96.9%,Class of 2022
Alliance City - 043497 (Stark),All Students,212,30,87.6%,Class of 2022
Alternative Education Academy Dba Ohdela - 143396 (Summit),All Students,234,672,25.8%,Class of 2022
Amanda-Clearcreek Local - 046847 (Fairfield),All Students,106,9,92.2%,Class of 2022
Amherst Exempted Village - 045195 (Lorain),All Students,318,13,96.1%,Class of 2022
Anna Local - 049759 (Shelby),All Students,83,4,95.4%,Class of 2022
Ansonia Local - 046623 (Darke),All Students,51,1,98.1%,Class of 2022
Anthony Wayne Local - 048207 (Lucas),All Students,320,6,98.2%,Class of 2022
Antwerp Local - 048991 (Paulding),All Students,70,,100.0%,Class of 2022
Arcadia Local - 047415 (Hancock),All Students,40,,100.0%,Class of 2022
Arcanum-Butler Local - 046631 (Darke),All Students,85,,100.0%,Class of 2022
Archbold-Area Local - 047043 (Fulton),All Students,96,1,99.0%,Class of 2022
Arlington Local - 047423 (Hancock),All Students,36,2,94.7%,Class of 2022
Arts & College Preparatory Academy - 143610 (Franklin),All Students,89,2,97.8%,Class of 2022
Ashland City - 043505 (Ashland),All Students,221,13,94.4%,Class of 2022
Ashland County Community Academy - 009971 (Ashland),All Students,26,8,76.5%,Class of 2022
Ashtabula Area City - 043513 (Ashtabula),All Students,186,57,76.5%,Class of 2022
Athens City - 043521 (Athens),All Students,184,17,91.5%,Class of 2022
Auglaize County Educational Academy - 000288 (Allen),All Students,45,10,81.8%,Class of 2022
Aurora City - 049171 (Portage),All Students,244,6,97.6%,Class of 2022
Austintown Local Schools - 048298 (Mahoning),All Students,334,11,96.8%,Class of 2022
Autism Model School - 134122 (Lucas),All Students,4,8,33.3%,Class of 2022
Avon Lake City - 048124 (Lorain),All Students,327,10,97.0%,Class of 2022
Avon Local - 048116 (Lorain),All Students,376,9,97.7%,Class of 2022
Ayersville Local - 046706 (Defiance),All Students,64,1,98.5%,Class of 2022
Barberton City - 043539 (Summit),All Students,222,46,82.8%,Class of 2022
Barnesville Exempted Village - 045203 (Belmont),All Students,93,5,94.9%,Class of 2022
Batavia Local - 046300 (Clermont),All Students,135,12,91.8%,Class of 2022
Bath Local - 045765 (Allen),All Students,119,5,96.0%,Class of 2022
Bay Village City - 043547 (Cuyahoga),All Students,197,5,97.5%,Class of 2022
Beachwood City - 043554 (Cuyahoga),All Students,141,2,98.6%,Class of 2022
Beacon Hill Academy - 012501 (Wayne),All Students,<10,<10,<10,Class of 2022
Beaver Local - 046425 (Columbiana),All Students,123,5,96.1%,Class of 2022
Beavercreek City - 047241 (Greene),All Students,612,27,95.8%,Class of 2022
Bedford City - 043562 (Cuyahoga),All Students,210,30,87.5%,Class of 2022
Bellaire Local - 043570 (Belmont),All Students,78,7,91.8%,Class of 2022
Bellbrook-Sugarcreek Local - 047274 (Greene),All Students,227,7,97.0%,Class of 2022
Bellefontaine City - 043588 (Logan),All Students,191,10,95.0%,Class of 2022
Bellevue City - 043596 (Huron),All Students,141,4,97.2%,Class of 2022
Belpre City - 043604 (Washington),All Students,66,4,94.3%,Class of 2022
Benjamin Logan Local - 048074 (Logan),All Students,116,2,98.3%,Class of 2022
Benton Carroll Salem Local - 048926 (Ottawa),All Students,117,3,97.5%,Class of 2022
Berea City - 043612 (Cuyahoga),All Students,436,39,91.8%,Class of 2022
Berkshire Local - 047167 (Geauga),All Students,90,8,91.8%,Class of 2022
Berne Union Local - 046854 (Fairfield),All Students,67,1,98.5%,Class of 2022
Bethel Local - 048611 (Miami),All Students,113,7,94.2%,Class of 2022
Bethel-Tate Local - 046318 (Clermont),All Students,146,8,94.8%,Class of 2022
Bexley City - 043620 (Franklin),All Students,172,5,97.2%,Class of 2022
Big Walnut Local - 046748 (Delaware),All Students,296,11,96.4%,Class of 2022
Black River Career Prep High School - 142919 (Lorain),All Students,23,56,29.1%,Class of 2022
Black River Local - 048462 (Medina),All Students,88,4,95.7%,Class of 2022
Blanchester Local - 046383 (Clinton),All Students,124,2,98.4%,Class of 2022
Bloom-Carroll Local - 046862 (Fairfield),All Students,159,4,97.5%,Class of 2022
Bloomfield-Mespo Local - 050096 (Trumbull),All Students,19,,100.0%,Class of 2022
Bloom-Vernon Local - 049593 (Scioto),All Students,57,3,95.0%,Class of 2022
Bluffton Exempted Village - 045211 (Allen),All Students,76,4,95.0%,Class of 2022
Boardman Local - 048306 (Mahoning),All Students,339,15,95.8%,Class of 2022
Botkins Local - 049767 (Shelby),All Students,54,1,98.2%,Class of 2022
Bowling Green City School District - 043638 (Wood),All Students,233,8,96.7%,Class of 2022
Bradford Exempted Village - 045229 (Miami),All Students,33,2,94.3%,Class of 2022
Brecksville-Broadview Heights City - 043646 (Cuyahoga),All Students,293,10,96.7%,Class of 2022
Bridge Gate Community School - 015710 (Franklin),All Students,,10,,Class of 2022
Bridgeport Exempted Village - 045237 (Belmont),All Students,59,3,95.2%,Class of 2022
Bright Local - 047613 (Highland),All Students,52,,100.0%,Class of 2022
Bristol Local - 050112 (Trumbull),All Students,43,1,97.7%,Class of 2022
Brookfield Local - 050120 (Trumbull),All Students,74,5,93.7%,Class of 2022
Brooklyn City - 043653 (Cuyahoga),All Students,115,10,92.0%,Class of 2022
Brookville Local - 048678 (Montgomery),All Students,92,2,97.9%,Class of 2022
Brown Local - 046177 (Carroll),All Students,53,2,96.4%,Class of 2022
Brunswick City - 043661 (Medina),All Students,598,18,97.1%,Class of 2022
Bryan City - 043679 (Williams),All Students,161,7,95.8%,Class of 2022
Buckeye Central Local - 046508 (Crawford),All Students,60,1,98.4%,Class of 2022
Buckeye Community School - 019152 (Richland),All Students,36,78,31.6%,Class of 2022
Buckeye Community School - London - 019441 (Madison),All Students,6,27,18.2%,Class of 2022
Buckeye Community School - Marion - 019442 (Marion),All Students,33,42,44.0%,Class of 2022
Buckeye Local - 045856 (Ashtabula),All Students,136,23,85.5%,Class of 2022
Buckeye Local - 047787 (Jefferson),All Students,94,13,87.9%,Class of 2022
Buckeye Local - 048470 (Medina),All Students,186,3,98.4%,Class of 2022
Buckeye On-Line School For Success - 000417 (Columbiana),All Students,59,20,74.7%,Class of 2022
Buckeye United School District - 060988 (Franklin),All Students,9,113,7.4%,Class of 2022
Buckeye Valley Local - 046755 (Delaware),All Students,170,10,94.4%,Class of 2022
Bucyrus City - 043687 (Crawford),All Students,69,8,89.6%,Class of 2022
Caldwell Exempted Village - 045252 (Noble),All Students,53,1,98.1%,Class of 2022
Cambridge City - 043695 (Guernsey),All Students,137,17,89.0%,Class of 2022
Campbell City - 043703 (Mahoning),All Students,86,7,92.5%,Class of 2022
Canal Winchester Local - 046946 (Franklin),All Students,317,14,95.8%,Class of 2022
Canfield Local - 048314 (Mahoning),All Students,221,5,97.8%,Class of 2022
Canton City - 043711 (Stark),All Students,449,172,72.3%,Class of 2022
Canton Harbor High School - 000525 (Stark),All Students,33,35,48.5%,Class of 2022
Canton Local - 049833 (Stark),All Students,140,7,95.2%,Class of 2022
Capital City Career Prep High School - 000664 (Franklin),All Students,24,33,42.1%,Class of 2022
Capital High School - 012044 (Franklin),All Students,18,27,40.0%,Class of 2022
Cardinal Local - 047175 (Geauga),All Students,75,11,87.2%,Class of 2022
Cardington-Lincoln Local - 048793 (Morrow),All Students,75,5,93.8%,Class of 2022
Carey Exempted Village Schools - 045260 (Wyandot),All Students,74,1,98.7%,Class of 2022
Carlisle Local - 050419 (Warren),All Students,114,3,97.4%,Class of 2022
Carrollton Exempted Village - 045278 (Carroll),All Students,143,4,97.3%,Class of 2022
Cascade Career Prep High School - 008063 (Summit),All Students,13,30,30.2%,Class of 2022
Cedar Cliff Local - 047258 (Greene),All Students,55,2,96.5%,Class of 2022
Celina City - 043729 (Mercer),All Students,148,18,89.2%,Class of 2022
Centerburg Local - 047829 (Knox),All Students,79,9,89.8%,Class of 2022
Centerville City - 043737 (Montgomery),All Students,655,35,94.9%,Class of 2022
Central High School - 012041 (Franklin),All Students,6,37,14.0%,Class of 2022
Central Local - 046714 (Defiance),All Students,86,8,91.5%,Class of 2022
Chagrin Falls Exempted Village - 045286 (Cuyahoga),All Students,176,,100.0%,Class of 2022
Champion Local - 050138 (Trumbull),All Students,93,5,94.9%,Class of 2022
Chardon Local - 047183 (Geauga),All Students,234,12,95.1%,Class of 2022
Charles School At Ohio Dominican University - 007999 (Franklin),All Students,38,14,73.1%,Class of 2022
Chesapeake Union Exempted Village - 045294 (Lawrence),All Students,112,5,95.7%,Class of 2022
Chillicothe City - 043745 (Ross),All Students,179,43,80.6%,Class of 2022
Chippewa Local - 050534 (Wayne),All Students,105,9,92.1%,Class of 2022
Cincinnati College Preparatory Academy - 133512 (Hamilton),All Students,41,4,91.1%,Class of 2022
Cincinnati Public Schools - 043752 (Hamilton),All Students,1863,444,80.8%,Class of 2022
Cincinnati Technology Academy - 013864 (Hamilton),All Students,11,5,68.8%,Class of 2022
Circleville City - 043760 (Pickaway),All Students,148,11,93.1%,Class of 2022
Clark-Shawnee Local - 046284 (Clark),All Students,148,5,96.7%,Class of 2022
Clay Local - 049601 (Scioto),All Students,29,9,76.3%,Class of 2022
Claymont City - 043778 (Tuscarawas),All Students,114,15,88.4%,Class of 2022
Clear Fork Valley Local - 049411 (Richland),All Students,134,7,95.0%,Class of 2022
Clearview Local - 048132 (Lorain),All Students,106,10,91.4%,Class of 2022
Clermont Northeastern Local - 046326 (Clermont),All Students,107,9,92.2%,Class of 2022
Cleveland Academy For Scholarship Technology And Leadership - 000527 (Cuyahoga),All Students,38,72,34.5%,Class of 2022
Cleveland Heights-University Heights City - 043794 (Cuyahoga),All Students,330,41,88.9%,Class of 2022
Cleveland Municipal - 043786 (Cuyahoga),All Students,1864,641,74.4%,Class of 2022
Cleveland Preparatory Academy - 013199 (Cuyahoga),All Students,<10,<10,<10,Class of 2022
Cliff Park High School - 132795 (Clark),All Students,46,74,38.3%,Class of 2022
Clinton-Massie Local - 046391 (Clinton),All Students,146,6,96.1%,Class of 2022
Cloverleaf Local - 048488 (Medina),All Students,187,11,94.4%,Class of 2022
Clyde-Green Springs Exempted Village - 045302 (Sandusky),All Students,143,10,93.5%,Class of 2022
Coldwater Exempted Village - 045310 (Mercer),All Students,104,1,99.0%,Class of 2022
College Corner Local - 064964 (Preble),All Students,<10,<10,<10,Class of 2022
Colonel Crawford Local - 046516 (Crawford),All Students,85,,100.0%,Class of 2022
Columbia Local - 048140 (Lorain),All Students,84,2,97.7%,Class of 2022
Columbiana Exempted Village - 045328 (Columbiana),All Students,76,1,98.7%,Class of 2022
Columbus Arts & Technology Academy - 000557 (Franklin),All Students,8,2,80.0%,Class of 2022
Columbus City Schools District - 043802 (Franklin),All Students,2333,598,79.6%,Class of 2022
Columbus Grove Local - 049312 (Putnam),All Students,84,,100.0%,Class of 2022
Columbus Preparatory Academy - 000558 (Franklin),All Students,20,4,83.3%,Class of 2022
Conneaut Area City - 043810 (Ashtabula),All Students,87,26,77.0%,Class of 2022
Conotton Valley Union Local - 047548 (Harrison),All Students,34,,100.0%,Class of 2022
Constellation Schools: Parma Community - 133256 (Cuyahoga),All Students,80,7,92.0%,Class of 2022
Continental Local - 049320 (Putnam),All Students,39,,100.0%,Class of 2022
Copley-Fairlawn City - 049981 (Summit),All Students,186,8,95.9%,Class of 2022
Cornerstone Academy Community School - 133439 (Franklin),All Students,15,,100.0%,Class of 2022
Cory-Rawson Local - 047431 (Hancock),All Students,36,1,97.3%,Class of 2022
Coshocton City - 043828 (Coshocton),All Students,117,5,95.9%,Class of 2022
Coshocton Opportunity School - 000598 (Coshocton),All Students,29,4,87.9%,Class of 2022
Coventry Local - 049999 (Summit),All Students,147,13,91.9%,Class of 2022
Covington Exempted Village - 045336 (Miami),All Students,64,,100.0%,Class of 2022
Crestline Exempted Village - 045344 (Crawford),All Students,31,5,86.1%,Class of 2022
Crestview Local - 046433 (Columbiana),All Students,90,,100.0%,Class of 2022
Crestview Local - 049429 (Richland),All Students,85,4,95.5%,Class of 2022
Crestview Local - 050351 (Van Wert),All Students,66,1,98.5%,Class of 2022
Crestwood Local - 049189 (Portage),All Students,117,10,92.1%,Class of 2022
Crooksville Exempted Village - 045351 (Perry),All Students,66,4,94.3%,Class of 2022
Cuyahoga Falls City - 043836 (Summit),All Students,264,43,86.0%,Class of 2022
Cuyahoga Heights Local - 046557 (Cuyahoga),All Students,67,2,97.1%,Class of 2022
Cypress High School - 017497 (Richland),All Students,34,21,61.8%,Class of 2022
Dalton Local - 050542 (Wayne),All Students,68,1,98.6%,Class of 2022
Danbury Local - 048934 (Ottawa),All Students,39,2,95.1%,Class of 2022
Danville Local - 047837 (Knox),All Students,45,2,95.7%,Class of 2022
Dawson-Bryant Local - 047928 (Lawrence),All Students,86,5,94.5%,Class of 2022
Dayton Athletic Vocational Academy - 015714 (Montgomery),All Students,2,20,9.1%,Class of 2022
Dayton Business Technology High School - 008283 (Montgomery),All Students,20,14,58.8%,Class of 2022
Dayton Career Tech High School - 019426 (Montgomery),All Students,4,9,30.8%,Class of 2022
Dayton City - 043844 (Montgomery),All Students,669,276,70.8%,Class of 2022
"Dayton Early College Academy, Inc - 009283 (Montgomery)",All Students,58,4,93.5%,Class of 2022
Deer Park Community City - 043851 (Hamilton),All Students,106,4,96.4%,Class of 2022
Defiance City - 043869 (Defiance),All Students,172,1,99.4%,Class of 2022
Delaware City - 043877 (Delaware),All Students,416,24,94.5%,Class of 2022
Delphos City - 043885 (Allen),All Students,62,7,89.9%,Class of 2022
Dohn Community - 133264 (Hamilton),All Students,191,310,38.1%,Class of 2022
Dover City - 043893 (Tuscarawas),All Students,190,37,83.7%,Class of 2022
Dublin City - 047027 (Franklin),All Students,1246,47,96.4%,Class of 2022
Eagle Learning Center - 008289 (Lucas),All Students,9,23,28.1%,Class of 2022
Early College Academy - 000912 (Franklin),All Students,4,45,8.2%,Class of 2022
East Bridge Academy Of Excellence - 000938 (Franklin),All Students,<10,<10,<10,Class of 2022
East Cleveland City School District - 043901 (Cuyahoga),All Students,142,27,84.0%,Class of 2022
East Clinton Local - 046409 (Clinton),All Students,96,11,89.7%,Class of 2022
East Guernsey Local - 069682 (Guernsey),All Students,84,3,96.6%,Class of 2022
East Holmes Local - 047688 (Holmes),All Students,76,3,96.2%,Class of 2022
East Knox Local - 047845 (Knox),All Students,74,3,96.1%,Class of 2022
East Liverpool City - 043919 (Columbiana),All Students,111,22,83.5%,Class of 2022
East Muskingum Local - 048835 (Muskingum),All Students,140,7,95.2%,Class of 2022
East Palestine City - 043927 (Columbiana),All Students,69,12,85.2%,Class of 2022
Eastern Local - 048512 (Meigs),All Students,64,7,90.1%,Class of 2022
Eastern Local School District - 046037 (Brown),All Students,91,5,94.8%,Class of 2022
Eastern Local School District - 049122 (Pike),All Students,57,2,96.6%,Class of 2022
Eastwood Local - 050674 (Wood),All Students,116,4,96.7%,Class of 2022
Eaton Community City - 043935 (Preble),All Students,139,13,91.4%,Class of 2022
Edgerton Local - 050617 (Williams),All Students,48,2,96.0%,Class of 2022
Edgewood City School District - 046094 (Butler),All Students,306,26,92.2%,Class of 2022
Edison Local - 047795 (Jefferson),All Students,112,6,94.9%,Class of 2022
Edison Local (Formerly Berlin-Milan) - 046789 (Erie),All Students,105,2,98.1%,Class of 2022
Edon Northwest Local - 050625 (Williams),All Students,40,4,90.9%,Class of 2022
Elgin Local - 048413 (Marion),All Students,81,3,96.4%,Class of 2022
Elida Local - 045773 (Allen),All Students,135,19,87.7%,Class of 2022
Elmwood Local - 050682 (Wood),All Students,90,3,96.8%,Class of 2022
Elyria City Schools - 043943 (Lorain),All Students,401,59,87.2%,Class of 2022
Euclid City - 043950 (Cuyahoga),All Students,326,88,78.7%,Class of 2022
Everest High School - 011956 (Franklin),All Students,23,14,62.2%,Class of 2022
Evergreen Local - 047050 (Fulton),All Students,107,7,93.9%,Class of 2022
Fairbanks Local - 050328 (Union),All Students,92,1,98.9%,Class of 2022
Fairborn City - 043968 (Greene),All Students,280,40,87.5%,Class of 2022
Fairborn Digital Academy - 149088 (Greene),All Students,46,62,42.6%,Class of 2022
Fairfield City - 046102 (Butler),All Students,772,64,92.3%,Class of 2022
Fairfield Local - 047621 (Highland),All Students,72,2,97.3%,Class of 2022
Fairfield Union Local - 046870 (Fairfield),All Students,125,4,96.9%,Class of 2022
Fairland Local - 047936 (Lawrence),All Students,123,3,97.6%,Class of 2022
Fairlawn Local - 049775 (Shelby),All Students,50,1,98.0%,Class of 2022
Fairless Local - 049841 (Stark),All Students,124,4,96.9%,Class of 2022
Fairport Harbor Exempted Village - 045369 (Lake),All Students,53,6,89.8%,Class of 2022
Fairview Park City - 043976 (Cuyahoga),All Students,129,6,95.6%,Class of 2022
Fayette Local - 047068 (Fulton),All Students,28,1,96.6%,Class of 2022
Fayetteville-Perry Local - 046045 (Brown),All Students,58,5,92.1%,Class of 2022
Federal Hocking Local - 045914 (Athens),All Students,75,10,88.2%,Class of 2022
Felicity-Franklin Local - 046334 (Clermont),All Students,57,5,91.9%,Class of 2022
Field Local - 049197 (Portage),All Students,151,5,96.8%,Class of 2022
Findlay City - 043984 (Hancock),All Students,395,21,95.0%,Class of 2022
Findlay Digital Academy - 000402 (Hancock),All Students,64,15,81.0%,Class of 2022
Finneytown Local - 047332 (Hamilton),All Students,110,6,94.8%,Class of 2022
Firelands Local - 048157 (Lorain),All Students,143,4,97.3%,Class of 2022
Flex High School - 015237 (Franklin),All Students,36,80,31.0%,Class of 2022
Flex High School Cleveland - 019197 (Cuyahoga),All Students,2,30,6.3%,Class of 2022
Focus Learning Academy Of Southeastern Columbus - 142935 (Franklin),All Students,27,50,35.1%,Class of 2022
Focus Learning Academy Of Southwest Columbus - 142927 (Franklin),All Students,35,95,26.9%,Class of 2022
Focus North High School - 012529 (Franklin),All Students,32,71,31.1%,Class of 2022
Forest Hills Local - 047340 (Hamilton),All Students,576,23,96.2%,Class of 2022
Fort Frye Local - 050484 (Washington),All Students,81,3,96.4%,Class of 2022
Fort Loramie Local - 049783 (Shelby),All Students,67,1,98.5%,Class of 2022
Fort Recovery Local - 048595 (Mercer),All Students,75,4,94.9%,Class of 2022
Fostoria City - 043992 (Seneca),All Students,80,22,78.4%,Class of 2022
Foxfire High School - 149328 (Muskingum),All Students,87,8,91.6%,Class of 2022
Franklin City - 044008 (Warren),All Students,198,5,97.5%,Class of 2022
Franklin Local - 048843 (Muskingum),All Students,134,4,97.1%,Class of 2022
Franklin Monroe Local - 046649 (Darke),All Students,51,1,98.1%,Class of 2022
Franklinton High School - 019226 (Franklin),All Students,33,11,75.0%,Class of 2022
Franklinton Prep High School - 019201 (Franklin),All Students,28,39,41.8%,Class of 2022
Franklinton Preparatory Academy - 013892 (Franklin),All Students,<10,<10,<10,Class of 2022
Fredericktown Local - 047852 (Knox),All Students,96,1,99.0%,Class of 2022
Fremont City - 044016 (Sandusky),All Students,232,27,89.6%,Class of 2022
Frontier Local - 050492 (Washington),All Students,51,6,89.5%,Class of 2022
Gahanna-Jefferson City - 046961 (Franklin),All Students,551,45,92.4%,Class of 2022
Galion City - 044024 (Crawford),All Students,129,12,91.5%,Class of 2022
Gallia County Local - 065680 (Gallia),All Students,128,27,82.6%,Class of 2022
Gallipolis City - 044032 (Gallia),All Students,129,25,83.8%,Class of 2022
Garaway Local - 050278 (Tuscarawas),All Students,84,5,94.4%,Class of 2022
Garfield Heights City Schools - 044040 (Cuyahoga),All Students,228,35,86.7%,Class of 2022
Gem City Career Prep High School - 000813 (Montgomery),All Students,13,33,28.3%,Class of 2022
Geneva Area City - 044057 (Ashtabula),All Students,163,18,90.1%,Class of 2022
Genoa Area Local - 048942 (Ottawa),All Students,95,4,96.0%,Class of 2022
Georgetown Exempted Village - 045377 (Brown),All Students,100,2,98.0%,Class of 2022
Gibsonburg Exempted Village - 045385 (Sandusky),All Students,64,1,98.5%,Class of 2022
Girard City School District - 044065 (Trumbull),All Students,131,11,92.3%,Class of 2022
Glass City Academy - 000131 (Lucas),All Students,98,158,38.3%,Class of 2022
Goal Digital Academy - 149047 (Richland),All Students,76,108,41.3%,Class of 2022
Goshen Local - 046342 (Clermont),All Students,244,3,98.8%,Class of 2022
Graham Local - 046193 (Champaign),All Students,119,4,96.7%,Class of 2022
"Graham School, The - 133421 (Franklin)",All Students,52,9,85.2%,Class of 2022
Grand Valley Local - 045864 (Ashtabula),All Students,97,6,94.2%,Class of 2022
Grandview Heights Schools - 044073 (Franklin),All Students,77,1,98.7%,Class of 2022
Granville Exempted Village - 045393 (Licking),All Students,204,2,99.0%,Class of 2022
Great River Connections Academy - 017233 (Franklin),All Students,127,81,61.1%,Class of 2022
Greater Ohio Virtual School - 000282 (Warren),All Students,137,144,48.8%,Class of 2022
Green Local - 049619 (Scioto),All Students,42,4,91.3%,Class of 2022
Green Local - 050013 (Summit),All Students,313,11,96.6%,Class of 2022
Green Local - 050559 (Wayne),All Students,83,1,98.8%,Class of 2022
Greeneview Local - 047266 (Greene),All Students,103,2,98.1%,Class of 2022
Greenfield Exempted Village - 045401 (Highland),All Students,122,10,92.4%,Class of 2022
Greenon Local - 046235 (Clark),All Students,113,4,96.6%,Class of 2022
Greenville City - 044099 (Darke),All Students,194,26,88.2%,Class of 2022
Groveport Madison Local - 046979 (Franklin),All Students,431,35,92.5%,Class of 2022
Hamilton City - 044107 (Butler),All Students,569,125,82.0%,Class of 2022
Hamilton Local - 046953 (Franklin),All Students,177,22,88.9%,Class of 2022
Hardin Community School - 011324 (Hardin),All Students,18,,100.0%,Class of 2022
Hardin Northern Local - 047498 (Hardin),All Students,26,2,92.9%,Class of 2022
Hardin-Houston Local - 049791 (Shelby),All Students,65,6,91.5%,Class of 2022
Harrison Hills City - 045245 (Harrison),All Students,103,7,93.6%,Class of 2022
Heath City - 044115 (Licking),All Students,117,11,91.4%,Class of 2022
Hicksville Exempted Village School District - 045419 (Defiance),All Students,57,4,93.4%,Class of 2022
Highland Local - 048496 (Medina),All Students,264,14,95.0%,Class of 2022
Highland Local - 048801 (Morrow),All Students,122,7,94.6%,Class of 2022
Hilliard City - 047019 (Franklin),All Students,1241,130,90.5%,Class of 2022
Hillsboro City - 044123 (Highland),All Students,161,15,91.5%,Class of 2022
Hillsdale Local - 045823 (Ashland),All Students,65,2,97.0%,Class of 2022
Holgate Local - 047571 (Henry),All Students,30,2,93.8%,Class of 2022
Hopewell-Loudon Local - 049700 (Seneca),All Students,70,,100.0%,Class of 2022
Horizon Science Academy Columbus - 133660 (Franklin),All Students,124,4,96.9%,Class of 2022
Horizon Science Academy Dayton High School - 011534 (Montgomery),All Students,39,3,92.9%,Class of 2022
Horizon Science Academy Lorain - 011533 (Lorain),All Students,32,1,97.0%,Class of 2022
Horizon Science Academy Toledo - 000338 (Lucas),All Students,27,5,84.4%,Class of 2022
Howland Local - 050161 (Trumbull),All Students,214,9,96.0%,Class of 2022
Hubbard Exempted Village - 045427 (Trumbull),All Students,148,7,95.5%,Class of 2022
Huber Heights City - 048751 (Montgomery),All Students,368,61,85.8%,Class of 2022
Hudson City - 050021 (Summit),All Students,358,6,98.4%,Class of 2022
Huntington Local - 049502 (Ross),All Students,72,8,90.0%,Class of 2022
Huron City Schools - 044131 (Erie),All Students,105,4,96.3%,Class of 2022
Independence Local - 046565 (Cuyahoga),All Students,77,3,96.3%,Class of 2022
Indian Creek Local - 047803 (Jefferson),All Students,144,20,87.8%,Class of 2022
Indian Hill Exempted Village - 045435 (Hamilton),All Students,150,2,98.7%,Class of 2022
Indian Lake Local - 048082 (Logan),All Students,108,5,95.6%,Class of 2022
Indian Valley Local - 050286 (Tuscarawas),All Students,132,10,93.0%,Class of 2022
Interactive Media & Construction (Imac) - 000905 (Richland),All Students,<10,<10,<10,Class of 2022
Invictus High School - 133835 (Cuyahoga),All Students,32,139,18.7%,Class of 2022
Ironton City School District - 044149 (Lawrence),All Students,102,5,95.3%,Class of 2022
Jackson Center Local - 049809 (Shelby),All Students,46,,100.0%,Class of 2022
Jackson City - 044156 (Jackson),All Students,154,14,91.7%,Class of 2022
Jackson Local - 049858 (Stark),All Students,495,13,97.4%,Class of 2022
Jackson-Milton Local - 048322 (Mahoning),All Students,48,4,92.3%,Class of 2022
James A Garfield Local - 049205 (Portage),All Students,100,8,92.6%,Class of 2022
Jefferson Area Local - 045872 (Ashtabula),All Students,132,6,95.7%,Class of 2022
Jefferson Local - 048256 (Madison),All Students,87,7,92.6%,Class of 2022
Jefferson Township Local - 048686 (Montgomery),All Students,14,5,73.7%,Class of 2022
Jennings Local - 049338 (Putnam),All Students,28,,100.0%,Class of 2022
Johnstown-Monroe Local - 047985 (Licking),All Students,136,2,98.6%,Class of 2022
Jonathan Alder Local - 048264 (Madison),All Students,170,5,97.1%,Class of 2022
Joseph Badger Local - 050179 (Trumbull),All Students,49,3,94.2%,Class of 2022
Kalida Local - 049346 (Putnam),All Students,33,,100.0%,Class of 2022
Kenston Local - 047191 (Geauga),All Students,228,2,99.1%,Class of 2022
Kent City - 044164 (Portage),All Students,263,9,96.7%,Class of 2022
Kenton City - 044172 (Hardin),All Students,118,8,93.7%,Class of 2022
Kettering City School District - 044180 (Montgomery),All Students,534,35,93.8%,Class of 2022
Keystone Local - 048165 (Lorain),All Students,107,4,96.4%,Class of 2022
Kings Local - 050435 (Warren),All Students,340,22,93.9%,Class of 2022
Kipp Columbus - 009997 (Franklin),All Students,77,4,95.1%,Class of 2022
Kirtland Local - 047878 (Lake),All Students,109,3,97.3%,Class of 2022
Labrae Local - 050245 (Trumbull),All Students,72,3,96.0%,Class of 2022
Lake Erie International High School - 151183 (Cuyahoga),All Students,17,54,23.9%,Class of 2022
Lake Local - 049866 (Stark),All Students,287,5,98.3%,Class of 2022
Lake Local - 050690 (Wood),All Students,137,3,97.9%,Class of 2022
Lakeview Local - 050187 (Trumbull),All Students,113,2,98.3%,Class of 2022
Lakewood City - 044198 (Cuyahoga),All Students,276,35,88.7%,Class of 2022
Lakewood Local - 047993 (Licking),All Students,134,15,89.9%,Class of 2022
Lakota Local - 046110 (Butler),All Students,1316,75,94.6%,Class of 2022
Lakota Local - 049569 (Sandusky),All Students,76,4,95.0%,Class of 2022
Lancaster City - 044206 (Fairfield),All Students,421,30,93.3%,Class of 2022
Lebanon City - 044214 (Warren),All Students,376,15,96.2%,Class of 2022
Leetonia Exempted Village School District - 045443 (Columbiana),All Students,47,4,92.2%,Class of 2022
Leipsic Local - 049353 (Putnam),All Students,50,,100.0%,Class of 2022
Lexington Local - 049437 (Richland),All Students,214,3,98.6%,Class of 2022
Liberty Center Local - 047589 (Henry),All Students,80,1,98.8%,Class of 2022
Liberty High School - 016849 (Montgomery),All Students,44,106,29.3%,Class of 2022
Liberty Local - 050195 (Trumbull),All Students,96,3,97.0%,Class of 2022
Liberty Preparatory School - 013962 (Wayne),All Students,15,16,48.4%,Class of 2022
Liberty Union-Thurston Local - 046888 (Fairfield),All Students,100,5,95.2%,Class of 2022
Liberty-Benton Local - 047449 (Hancock),All Students,109,4,96.5%,Class of 2022
Licking Heights Local - 048009 (Licking),All Students,290,23,92.7%,Class of 2022
Licking Valley Local - 048017 (Licking),All Students,132,14,90.4%,Class of 2022
Lighthouse Community Sch Inc - 133389 (Hamilton),All Students,<10,<10,<10,Class of 2022
Lima City - 044222 (Allen),All Students,212,70,75.2%,Class of 2022
Lincolnview Local - 050369 (Van Wert),All Students,70,1,98.6%,Class of 2022
Lisbon Exempted Village - 045450 (Columbiana),All Students,60,9,87.0%,Class of 2022
Little Miami Local - 050443 (Warren),All Students,352,8,97.8%,Class of 2022
Lockland Local - 044230 (Hamilton),All Students,29,16,64.4%,Class of 2022
Logan Elm Local - 049080 (Pickaway),All Students,157,17,90.2%,Class of 2022
Logan-Hocking Local - 044248 (Hocking),All Students,253,24,91.3%,Class of 2022
London City - 044255 (Madison),All Students,160,9,94.7%,Class of 2022
Lorain City - 044263 (Lorain),All Students,348,105,76.8%,Class of 2022
Lordstown Local - 050203 (Trumbull),All Students,44,1,97.8%,Class of 2022
Loudonville-Perrysville Exempted Village - 045468 (Ashland),All Students,58,2,96.7%,Class of 2022
Louisville City - 049874 (Stark),All Students,236,9,96.3%,Class of 2022
Loveland City - 044271 (Hamilton),All Students,359,7,98.1%,Class of 2022
Lowellville Local - 048330 (Mahoning),All Students,38,,100.0%,Class of 2022
Lucas Local - 049445 (Richland),All Students,52,3,94.5%,Class of 2022
Lynchburg-Clay Local - 047639 (Highland),All Students,78,7,91.8%,Class of 2022
Mad River Local - 048702 (Montgomery),All Students,244,31,88.7%,Class of 2022
Madeira City - 044289 (Hamilton),All Students,91,2,97.8%,Class of 2022
Madison Local - 046128 (Butler),All Students,117,1,99.2%,Class of 2022
Madison Local - 047886 (Lake),All Students,221,35,86.3%,Class of 2022
Madison Local - 049452 (Richland),All Students,212,7,96.8%,Class of 2022
Madison-Plains Local - 048272 (Madison),All Students,79,10,88.8%,Class of 2022
Mahoning County High School - 009996 (Mahoning),All Students,51,21,70.8%,Class of 2022
Mahoning Unlimited Classroom - 148999 (Mahoning),All Students,46,23,66.7%,Class of 2022
Manchester Local - 000442 (Adams),All Students,50,3,94.3%,Class of 2022
Manchester Local - 050005 (Summit),All Students,94,5,94.9%,Class of 2022
Mansfield City - 044297 (Richland),All Students,152,25,85.9%,Class of 2022
Maple Heights City - 044305 (Cuyahoga),All Students,260,9,96.7%,Class of 2022
Mapleton Local - 045831 (Ashland),All Students,83,3,96.5%,Class of 2022
Maplewood Local - 050211 (Trumbull),All Students,51,3,94.4%,Class of 2022
Margaretta Local - 046805 (Erie),All Students,76,1,98.7%,Class of 2022
Mariemont City - 044313 (Hamilton),All Students,119,5,96.0%,Class of 2022
Marietta City - 044321 (Washington),All Students,191,26,88.0%,Class of 2022
Marion City - 044339 (Marion),All Students,222,30,88.1%,Class of 2022
Marion Local - 048553 (Mercer),All Students,69,1,98.6%,Class of 2022
"Maritime Academy Of Toledo, The - 000770 (Lucas)",All Students,43,12,78.2%,Class of 2022
Marlington Local - 049882 (Stark),All Students,151,10,93.8%,Class of 2022
Marshall High School - 132803 (Butler),All Students,39,116,25.2%,Class of 2022
Martins Ferry City - 044347 (Belmont),All Students,88,16,84.6%,Class of 2022
Marysville Exempted Village - 045476 (Union),All Students,399,9,97.8%,Class of 2022
Mason City - 050450 (Warren),All Students,893,21,97.7%,Class of 2022
Mason Run High School - 012037 (Franklin),All Students,32,65,33.0%,Class of 2022
Massillon City - 044354 (Stark),All Students,257,50,83.7%,Class of 2022
Mathews Local - 050153 (Trumbull),All Students,56,1,98.2%,Class of 2022
Maumee City - 044362 (Lucas),All Students,189,8,95.9%,Class of 2022
Mayfield City - 044370 (Cuyahoga),All Students,323,4,98.8%,Class of 2022
Maysville Local - 048850 (Muskingum),All Students,126,8,94.0%,Class of 2022
Mccomb Local - 047456 (Hancock),All Students,52,1,98.1%,Class of 2022
Mcdonald Local - 050229 (Trumbull),All Students,55,,100.0%,Class of 2022
Mechanicsburg Exempted Village - 045484 (Champaign),All Students,67,5,93.1%,Class of 2022
Medina City Sd - 044388 (Medina),All Students,552,19,96.7%,Class of 2022
Meigs Local - 048520 (Meigs),All Students,108,16,87.1%,Class of 2022
Mentor Exempted Village - 045492 (Lake),All Students,603,40,93.8%,Class of 2022
Miami East Local - 048629 (Miami),All Students,100,2,98.0%,Class of 2022
Miami Trace Local - 046920 (Fayette),All Students,205,6,97.2%,Class of 2022
Miamisburg City - 044396 (Montgomery),All Students,373,38,90.8%,Class of 2022
Middletown City - 044404 (Butler),All Students,316,48,86.8%,Class of 2022
Midview Local - 048173 (Lorain),All Students,230,13,94.7%,Class of 2022
Milford Exempted Village - 045500 (Clermont),All Students,533,13,97.6%,Class of 2022
Millcreek-West Unity Local - 050633 (Williams),All Students,45,2,95.7%,Class of 2022
Miller City-New Cleveland Local - 049361 (Putnam),All Students,35,,100.0%,Class of 2022
Milton-Union Exempted Village - 045518 (Miami),All Students,105,10,91.3%,Class of 2022
Minerva Local - 049890 (Stark),All Students,128,8,94.1%,Class of 2022
Minford Local - 049627 (Scioto),All Students,106,3,97.2%,Class of 2022
Minster Local - 045948 (Auglaize),All Students,62,3,95.4%,Class of 2022
Mississinawa Valley Local - 046672 (Darke),All Students,46,1,97.9%,Class of 2022
Mogadore Local - 050039 (Summit),All Students,59,4,93.7%,Class of 2022
Mohawk Local - 050740 (Wyandot),All Students,48,3,94.1%,Class of 2022
Monroe Local - 139303 (Butler),All Students,212,6,97.2%,Class of 2022
Monroeville Local - 047712 (Huron),All Students,48,2,96.0%,Class of 2022
Montpelier Exempted Village - 045526 (Williams),All Students,57,7,89.1%,Class of 2022
Morgan Local - 048777 (Morgan),All Students,114,12,90.5%,Class of 2022
Mound Street Academies - 143123 (Montgomery),All Students,2,13,13.3%,Class of 2022
Mount Auburn Preparatory Academy - 017274 (Hamilton),All Students,16,6,72.7%,Class of 2022
Mount Gilead Exempted Village - 045534 (Morrow),All Students,77,4,95.1%,Class of 2022
Mount Vernon City - 044420 (Knox),All Students,272,29,90.4%,Class of 2022
Mt Healthy City - 044412 (Hamilton),All Students,153,35,81.4%,Class of 2022
Napoleon Area City - 044438 (Henry),All Students,152,12,92.7%,Class of 2022
National Trail Local - 049270 (Preble),All Students,82,6,93.2%,Class of 2022
Nelsonville-York City - 044446 (Athens),All Students,73,11,86.9%,Class of 2022
New Albany-Plain Local - 046995 (Franklin),All Students,404,12,97.1%,Class of 2022
New Boston Local - 044461 (Scioto),All Students,28,1,96.6%,Class of 2022
New Bremen Local - 045955 (Auglaize),All Students,63,1,98.4%,Class of 2022
New Knoxville Local - 045963 (Auglaize),All Students,28,,100.0%,Class of 2022
New Lebanon Local School District - 048710 (Montgomery),All Students,98,6,94.2%,Class of 2022
New Lexington School District - 044479 (Perry),All Students,114,10,91.9%,Class of 2022
New London Local - 047720 (Huron),All Students,56,6,90.3%,Class of 2022
New Miami Local - 046136 (Butler),All Students,50,9,84.7%,Class of 2022
New Philadelphia City - 044487 (Tuscarawas),All Students,187,56,77.0%,Class of 2022
New Richmond Exempted Village - 045559 (Clermont),All Students,163,10,94.2%,Class of 2022
New Riegel Local - 049718 (Seneca),All Students,40,1,97.6%,Class of 2022
Newark City - 044453 (Licking),All Students,380,87,81.4%,Class of 2022
Newcomerstown Exempted Village - 045542 (Tuscarawas),All Students,71,6,92.2%,Class of 2022
Newton Falls Exempted Village - 045567 (Trumbull),All Students,67,9,88.2%,Class of 2022
Newton Local - 048637 (Miami),All Students,56,3,94.9%,Class of 2022
Niles City - 044495 (Trumbull),All Students,183,18,91.0%,Class of 2022
Noble Local - 048900 (Noble),All Students,59,1,98.3%,Class of 2022
Nordonia Hills City - 050047 (Summit),All Students,281,11,96.2%,Class of 2022
North Baltimore Local - 050708 (Wood),All Students,48,3,94.1%,Class of 2022
North Canton City - 044503 (Stark),All Students,311,15,95.4%,Class of 2022
North Central Academy - 012054 (Seneca),All Students,15,4,78.9%,Class of 2022
North Central Local - 050641 (Williams),All Students,39,3,92.9%,Class of 2022
North College Hill City - 044511 (Hamilton),All Students,89,19,82.4%,Class of 2022
North Fork Local - 048025 (Licking),All Students,102,8,92.7%,Class of 2022
North Olmsted City - 044529 (Cuyahoga),All Students,315,13,96.0%,Class of 2022
North Ridgeville City - 044537 (Lorain),All Students,315,20,94.0%,Class of 2022
North Royalton City - 044545 (Cuyahoga),All Students,338,10,97.1%,Class of 2022
North Shore High School - 019220 (Cuyahoga),All Students,2,29,6.5%,Class of 2022
North Union Local School District - 050336 (Union),All Students,105,7,93.8%,Class of 2022
North Woods Career Prep High School - 008282 (Franklin),All Students,10,37,21.3%,Class of 2022
Northeastern Local - 046250 (Clark),All Students,18,228,7.3%,Class of 2022
Northeastern Local - 046722 (Defiance),All Students,89,11,89.0%,Class of 2022
Northern Local - 049056 (Perry),All Students,166,6,96.5%,Class of 2022
Northmont City - 048728 (Montgomery),All Students,398,10,97.5%,Class of 2022
Northmor Local - 048819 (Morrow),All Students,62,6,91.2%,Class of 2022
Northridge Local - 048033 (Licking),All Students,77,3,96.3%,Class of 2022
Northridge Local - 048736 (Montgomery),All Students,106,9,92.2%,Class of 2022
Northwest Local - 047365 (Hamilton),All Students,662,53,92.6%,Class of 2022
Northwest Local - 049635 (Scioto),All Students,106,1,99.1%,Class of 2022
Northwest Local - 049908 (Stark),All Students,162,3,98.2%,Class of 2022
Northwestern Local - 046268 (Clark),All Students,120,2,98.4%,Class of 2022
Northwestern Local - 050575 (Wayne),All Students,96,5,95.0%,Class of 2022
Northwood Local Schools - 050716 (Wood),All Students,89,2,97.8%,Class of 2022
Norton City - 044552 (Summit),All Students,181,12,93.8%,Class of 2022
Norwalk City - 044560 (Huron),All Students,167,12,93.3%,Class of 2022
Norwayne Local - 050567 (Wayne),All Students,100,3,97.1%,Class of 2022
Norwood City - 044578 (Hamilton),All Students,89,26,77.4%,Class of 2022
Oak Hill Union Local - 047761 (Jackson),All Students,75,13,85.2%,Class of 2022
Oak Hills Local - 047373 (Hamilton),All Students,614,29,95.5%,Class of 2022
Oakstone Community School - 000679 (Franklin),All Students,7,5,58.3%,Class of 2022
Oakwood City - 044586 (Montgomery),All Students,169,3,98.3%,Class of 2022
Oberlin City Schools - 044594 (Lorain),All Students,58,8,87.9%,Class of 2022
"Ohio Connections Academy, Inc - 000236 (Cuyahoga)",All Students,414,120,77.5%,Class of 2022
Ohio Construction Academy - 014067 (Franklin),All Students,6,12,33.3%,Class of 2022
Ohio Digital Learning School - 017643 (Lucas),All Students,290,323,47.3%,Class of 2022
Ohio School For The Blind - 071548 (Franklin),All Students,<10,<10,<10,Class of 2022
Ohio School For The Deaf - 071530 (Franklin),All Students,<10,<10,<10,Class of 2022
Ohio Virtual Academy - 142950 (Lucas),All Students,1109,539,67.3%,Class of 2022
Old Brook High School - 012038 (Cuyahoga),All Students,55,78,41.4%,Class of 2022
Old Fort Local - 049726 (Seneca),All Students,48,,100.0%,Class of 2022
Olentangy Local - 046763 (Delaware),All Students,1775,33,98.2%,Class of 2022
Olmsted Falls City - 046573 (Cuyahoga),All Students,318,6,98.1%,Class of 2022
Ontario Local - 049478 (Richland),All Students,141,4,97.2%,Class of 2022
Orange City - 046581 (Cuyahoga),All Students,174,3,98.3%,Class of 2022
Oregon City - 044602 (Lucas),All Students,277,14,95.2%,Class of 2022
Orrville City - 044610 (Wayne),All Students,93,12,88.6%,Class of 2022
Osnaburg Local - 049916 (Stark),All Students,63,2,96.9%,Class of 2022
Otsego Local - 050724 (Wood),All Students,108,2,98.2%,Class of 2022
Ottawa Hills Local - 048215 (Lucas),All Students,89,1,98.9%,Class of 2022
Ottawa-Glandorf Local - 049379 (Putnam),All Students,135,2,98.5%,Class of 2022
Ottoville Local - 049387 (Putnam),All Students,29,,100.0%,Class of 2022
Painesville City Local - 044628 (Lake),All Students,186,36,83.8%,Class of 2022
Paint Valley Local - 049510 (Ross),All Students,67,8,89.3%,Class of 2022
Pandora-Gilboa Local - 049395 (Putnam),All Students,45,,100.0%,Class of 2022
Parkway Local - 048579 (Mercer),All Students,75,,100.0%,Class of 2022
Parma City - 044636 (Cuyahoga),All Students,680,108,86.3%,Class of 2022
Patrick Henry Local - 047597 (Henry),All Students,57,2,96.6%,Class of 2022
Patriot Preparatory Academy - 012045 (Franklin),All Students,28,1,96.6%,Class of 2022
Paulding Exempted Village - 045575 (Paulding),All Students,93,7,93.0%,Class of 2022
Perkins Local - 046813 (Erie),All Students,150,4,97.4%,Class of 2022
Perry Local - 045781 (Allen),All Students,59,6,90.8%,Class of 2022
Perry Local - 047902 (Lake),All Students,142,4,97.3%,Class of 2022
Perry Local - 049924 (Stark),All Students,320,12,96.4%,Class of 2022
Perrysburg Exempted Village - 045583 (Wood),All Students,411,10,97.6%,Class of 2022
Pettisville Local - 047076 (Fulton),All Students,30,1,96.8%,Class of 2022
Pickerington Local - 046896 (Fairfield),All Students,853,35,96.1%,Class of 2022
Pike-Delta-York Local - 047084 (Fulton),All Students,97,9,91.5%,Class of 2022
Piqua City - 044644 (Miami),All Students,243,30,89.0%,Class of 2022
Plain Local - 049932 (Stark),All Students,436,40,91.6%,Class of 2022
Pleasant Local - 048421 (Marion),All Students,86,4,95.6%,Class of 2022
Plymouth-Shiloh Local - 049460 (Richland),All Students,50,2,96.2%,Class of 2022
Poland Local - 048348 (Mahoning),All Students,137,,100.0%,Class of 2022
Port Clinton City - 044651 (Ottawa),All Students,145,4,97.3%,Class of 2022
Portsmouth City - 044669 (Scioto),All Students,90,8,91.8%,Class of 2022
Preble Shawnee Local - 049288 (Preble),All Students,90,6,93.8%,Class of 2022
Princeton City - 044677 (Hamilton),All Students,442,50,89.8%,Class of 2022
Priority High School - 017599 (Hamilton),All Students,3,13,18.8%,Class of 2022
Promise Academy - 000936 (Cuyahoga),All Students,,56,,Class of 2022
Put-In-Bay Local - 048975 (Ottawa),All Students,<10,<10,<10,Class of 2022
Pymatuning Valley Local - 045880 (Ashtabula),All Students,90,5,94.7%,Class of 2022
Quaker Digital Academy - 000241 (Tuscarawas),All Students,101,61,62.3%,Class of 2022
Queen City Career Prep High School - 133785 (Hamilton),All Students,15,26,36.6%,Class of 2022
Randall Park High School - 151209 (Cuyahoga),All Students,29,36,44.6%,Class of 2022
Ravenna City - 044685 (Portage),All Students,162,21,88.5%,Class of 2022
Reading Community City - 044693 (Hamilton),All Students,109,9,92.4%,Class of 2022
Regeneration Schools Avondale Elementary - 133504 (Hamilton),All Students,<10,<10,<10,Class of 2022
Regent High School - 012036 (Cuyahoga),All Students,24,86,21.8%,Class of 2022
Revere Local - 050054 (Summit),All Students,195,2,99.0%,Class of 2022
Reynoldsburg City - 047001 (Franklin),All Students,517,36,93.5%,Class of 2022
Richmond Heights Local - 046599 (Cuyahoga),All Students,49,5,90.7%,Class of 2022
Ridgedale Local - 048439 (Marion),All Students,48,,100.0%,Class of 2022
Ridgemont Local - 047506 (Hardin),All Students,36,,100.0%,Class of 2022
Ridgewood Local - 046474 (Coshocton),All Students,100,4,96.2%,Class of 2022
Ripley-Union-Lewis-Huntington Local - 046078 (Brown),All Students,75,7,91.5%,Class of 2022
Rittman Academy - 000640 (Wayne),All Students,10,14,41.7%,Class of 2022
Rittman Exempted Village - 045591 (Wayne),All Students,63,1,98.4%,Class of 2022
River Gate High School - 133488 (Trumbull),All Students,13,68,16.0%,Class of 2022
River Valley Local - 048447 (Marion),All Students,136,3,97.8%,Class of 2022
River View Local - 046482 (Coshocton),All Students,137,11,92.6%,Class of 2022
Riverdale Local - 047514 (Hancock),All Students,82,8,91.1%,Class of 2022
Riverside Local - 047894 (Lake),All Students,332,34,90.7%,Class of 2022
Riverside Local - 048090 (Logan),All Students,52,1,98.1%,Class of 2022
Road To Success Academy - 012040 (Franklin),All Students,6,23,20.7%,Class of 2022
Rock Hill Local - 047944 (Lawrence),All Students,87,7,92.6%,Class of 2022
Rocky River City - 044701 (Cuyahoga),All Students,219,3,98.6%,Class of 2022
Rolling Hills Local - 047308 (Guernsey),All Students,122,6,95.3%,Class of 2022
Rootstown Local - 049213 (Portage),All Students,106,6,94.6%,Class of 2022
Ross Local - 046144 (Butler),All Students,211,5,97.7%,Class of 2022
Rossford Exempted Village - 045609 (Wood),All Students,128,13,90.8%,Class of 2022
Russia Local - 049817 (Shelby),All Students,26,,100.0%,Class of 2022
Salem City - 044735 (Columbiana),All Students,174,22,88.8%,Class of 2022
Sandusky City - 044743 (Erie),All Students,231,23,90.9%,Class of 2022
Sandy Valley Local - 049940 (Stark),All Students,92,6,93.9%,Class of 2022
Schnee Learning Center - 147231 (Summit),All Students,16,23,41.0%,Class of 2022
Scioto Valley Local - 049130 (Pike),All Students,100,8,92.6%,Class of 2022
Sciotoville Community School - 143644 (Scioto),All Students,33,1,97.1%,Class of 2022
Sebring Local - 048355 (Mahoning),All Students,44,2,95.7%,Class of 2022
Seneca East Local - 049684 (Seneca),All Students,66,2,97.1%,Class of 2022
Shadyside Local - 046003 (Belmont),All Students,58,4,93.5%,Class of 2022
Shaker Heights City - 044750 (Cuyahoga),All Students,400,27,93.7%,Class of 2022
Shawnee Local - 045799 (Allen),All Students,169,9,94.9%,Class of 2022
Sheffield-Sheffield Lake City - 044768 (Lorain),All Students,116,1,99.1%,Class of 2022
Shelby City - 044776 (Richland),All Students,152,13,92.1%,Class of 2022
Sidney City - 044784 (Shelby),All Students,240,49,83.0%,Class of 2022
Skyway Career Prep High School - 149302 (Lucas),All Students,27,88,23.5%,Class of 2022
Solon City - 046607 (Cuyahoga),All Students,382,10,97.4%,Class of 2022
South Central Local - 047738 (Huron),All Students,48,2,96.0%,Class of 2022
South Euclid-Lyndhurst City - 044792 (Cuyahoga),All Students,229,29,88.8%,Class of 2022
South Point Local - 047951 (Lawrence),All Students,105,3,97.2%,Class of 2022
South Range Local - 048363 (Mahoning),All Students,102,5,95.3%,Class of 2022
Southeast Local - 049221 (Portage),All Students,124,3,97.6%,Class of 2022
Southeast Local - 050583 (Wayne),All Students,91,2,97.8%,Class of 2022
Southeastern Local - 046276 (Clark),All Students,61,2,96.8%,Class of 2022
Southeastern Local - 049528 (Ross),All Students,74,9,89.2%,Class of 2022
Southern Cleveland Drop Back Indba Innovative Career Academy - 012042 (Cuyahoga),All Students,<10,<10,<10,Class of 2022
Southern Local - 046441 (Columbiana),All Students,46,2,95.8%,Class of 2022
Southern Local - 048538 (Meigs),All Students,58,7,89.2%,Class of 2022
Southern Local - 049064 (Perry),All Students,39,5,88.6%,Class of 2022
Southington Local - 050237 (Trumbull),All Students,29,2,93.5%,Class of 2022
Southwest Licking Local - 048041 (Licking),All Students,345,16,95.6%,Class of 2022
Southwest Local - 047381 (Hamilton),All Students,282,36,88.7%,Class of 2022
South-Western City - 044800 (Franklin),All Students,1381,183,88.3%,Class of 2022
Spencerville Local - 045807 (Allen),All Students,69,1,98.6%,Class of 2022
Springboro Community City - 050427 (Warren),All Students,500,6,98.8%,Class of 2022
Springfield City School District - 044818 (Clark),All Students,447,75,85.6%,Class of 2022
Springfield Local - 048223 (Lucas),All Students,280,22,92.7%,Class of 2022
Springfield Local - 048371 (Mahoning),All Students,73,1,98.6%,Class of 2022
Springfield Local - 050062 (Summit),All Students,164,10,94.3%,Class of 2022
St Bernard-Elmwood Place City - 044719 (Hamilton),All Students,63,4,94.0%,Class of 2022
St Clairsville-Richland City - 045997 (Belmont),All Students,144,7,95.4%,Class of 2022
St Henry Consolidated Local - 048587 (Mercer),All Students,70,,100.0%,Class of 2022
St Marys City - 044727 (Auglaize),All Students,175,6,96.7%,Class of 2022
Stark High School - 142901 (Stark),All Students,7,30,18.9%,Class of 2022
STATE OF OHIO - ****** (Not Applicable),All Students,109,643,14.5%,Class of 2022
Steel Academy - 014927 (Summit),All Students,12,8,60.0%,Class of 2022
Steubenville City - 044826 (Jefferson),All Students,148,5,96.7%,Class of 2022
Stow-Munroe Falls City School District - 044834 (Summit),All Students,424,18,95.9%,Class of 2022
Strasburg-Franklin Local - 050294 (Tuscarawas),All Students,47,,100.0%,Class of 2022
Streetsboro City - 049239 (Portage),All Students,159,13,92.4%,Class of 2022
Strongsville City - 044842 (Cuyahoga),All Students,517,29,94.7%,Class of 2022
Struthers City - 044859 (Mahoning),All Students,122,9,93.1%,Class of 2022
Stryker Local - 050658 (Williams),All Students,25,,100.0%,Class of 2022
Summit Academy - Toledo - 000301 (Lucas),All Students,<10,<10,<10,Class of 2022
Summit Academy Alternative Learnerswarren Middle & Secondary - 000616 (Trumbull),All Students,11,3,78.6%,Class of 2022
Summit Academy Community School Alternative Learners -Xenia - 132761 (Greene),All Students,14,2,87.5%,Class of 2022
Summit Academy Community School-Parma - 000302 (Cuyahoga),All Students,13,2,86.7%,Class of 2022
Summit Academy School - Lorain - 000609 (Lorain),All Students,11,2,84.6%,Class of 2022
Summit Academy Secondary - Akron - 000298 (Summit),All Students,14,,100.0%,Class of 2022
Summit Academy Secondary - Canton - 000300 (Stark),All Students,12,3,80.0%,Class of 2022
Summit Academy Secondary - Youngstown - 000303 (Mahoning),All Students,19,17,52.8%,Class of 2022
Summit Academy Secondary School - Middletown - 000634 (Butler),All Students,14,2,87.5%,Class of 2022
Summit Academy Transition High School Dayton - 000621 (Montgomery),All Students,16,3,84.2%,Class of 2022
Summit Academy Transition High School-Cincinnati - 000608 (Hamilton),All Students,12,,100.0%,Class of 2022
Summit Academy Transition High School-Columbus - 000614 (Franklin),All Students,15,1,93.8%,Class of 2022
Swanton Local - 047092 (Fulton),All Students,103,7,93.6%,Class of 2022
Switzerland Of Ohio Local - 048652 (Monroe),All Students,149,15,90.9%,Class of 2022
Sycamore Community City - 044867 (Hamilton),All Students,422,13,97.0%,Class of 2022
Sylvania Schools - 044875 (Lucas),All Students,608,44,93.3%,Class of 2022
Symmes Valley Local - 047969 (Lawrence),All Students,64,2,97.0%,Class of 2022
T2 Honors Academy - 014904 (Cuyahoga),All Students,17,1,94.4%,Class of 2022
Talawanda City - 046151 (Butler),All Students,233,8,96.7%,Class of 2022
Tallmadge City - 044883 (Summit),All Students,180,5,97.3%,Class of 2022
Teays Valley Local - 049098 (Pickaway),All Students,300,20,93.8%,Class of 2022
Tecumseh Local - 046243 (Clark),All Students,209,25,89.3%,Class of 2022
The Academy For Urban Scholars - 012528 (Franklin),All Students,61,47,56.5%,Class of 2022
The Autism Academy Of Learning - 143297 (Lucas),All Students,<10,<10,<10,Class of 2022
The Brilliance School - 013170 (Cuyahoga),All Students,<10,<10,<10,Class of 2022
Three Rivers Local - 047399 (Hamilton),All Students,188,6,96.9%,Class of 2022
Tiffin City Schools - 044891 (Seneca),All Students,206,24,89.6%,Class of 2022
Tipp City Exempted Village - 045617 (Miami),All Students,198,1,99.5%,Class of 2022
Toledo City - 044909 (Lucas),All Students,1025,372,73.4%,Class of 2022
Toledo School For The Arts - 133942 (Lucas),All Students,89,2,97.8%,Class of 2022
Tomorrow Center - 148981 (Morrow),All Students,19,10,65.5%,Class of 2022
Toronto City - 044917 (Jefferson),All Students,50,4,92.6%,Class of 2022
Townsend Community School - 012867 (Erie),All Students,87,199,30.4%,Class of 2022
Towpath Trail High School - 133868 (Summit),All Students,110,143,43.5%,Class of 2022
Treca Digital Academy - 143305 (Marion),All Students,252,404,38.4%,Class of 2022
Triad Local - 046201 (Champaign),All Students,67,1,98.5%,Class of 2022
Tri-County North Local - 091397 (Preble),All Students,65,6,91.5%,Class of 2022
Trimble Local - 045922 (Athens),All Students,63,12,84.0%,Class of 2022
Tri-State Stem+M School - 015344 (Lawrence),All Students,<10,<10,<10,Class of 2022
Tri-Valley Local - 048876 (Muskingum),All Students,190,8,96.0%,Class of 2022
Tri-Village Local - 046680 (Darke),All Students,74,4,94.9%,Class of 2022
Triway Local - 050591 (Wayne),All Students,122,5,96.1%,Class of 2022
Trotwood-Madison City - 048694 (Montgomery),All Students,142,28,83.5%,Class of 2022
Troy City - 044925 (Miami),All Students,328,16,95.3%,Class of 2022
Tuscarawas Valley Local - 050302 (Tuscarawas),All Students,107,4,96.4%,Class of 2022
Tuslaw Local - 049957 (Stark),All Students,118,5,95.9%,Class of 2022
Twin Valley Community Local - 049296 (Preble),All Students,66,,100.0%,Class of 2022
Twinsburg City - 050070 (Summit),All Students,325,5,98.5%,Class of 2022
Union Local - 046011 (Belmont),All Students,112,3,97.4%,Class of 2022
Union-Scioto Local - 049536 (Ross),All Students,128,17,88.3%,Class of 2022
United Local - 046458 (Columbiana),All Students,86,2,97.7%,Class of 2022
Upper Arlington City - 044933 (Franklin),All Students,467,15,96.9%,Class of 2022
Upper Sandusky Exempted Village - 045625 (Wyandot),All Students,113,6,95.0%,Class of 2022
Upper Scioto Valley Local - 047522 (Hardin),All Students,19,2,90.5%,Class of 2022
Urbana City - 044941 (Champaign),All Students,108,24,81.8%,Class of 2022
Utica Shale Academy Of Ohio - 014830 (Columbiana),All Students,33,8,80.5%,Class of 2022
Valley Local - 049643 (Scioto),All Students,68,2,97.1%,Class of 2022
Valley View Local - 048744 (Montgomery),All Students,139,10,93.3%,Class of 2022
Van Buren Local - 047464 (Hancock),All Students,82,3,96.5%,Class of 2022
Van Wert City - 044966 (Van Wert),All Students,136,6,95.8%,Class of 2022
Vandalia-Butler City - 044958 (Montgomery),All Students,231,4,98.3%,Class of 2022
Vanlue Local - 047472 (Hancock),All Students,10,,100.0%,Class of 2022
Vermilion Local - 046821 (Erie),All Students,147,4,97.4%,Class of 2022
Versailles Exempted Village - 045633 (Darke),All Students,115,,100.0%,Class of 2022
Vinton County Local - 050393 (Vinton),All Students,143,12,92.3%,Class of 2022
Wadsworth City - 044974 (Medina),All Students,312,19,94.3%,Class of 2022
Walnut Township Local - 046904 (Fairfield),All Students,30,9,76.9%,Class of 2022
Wapakoneta City - 044982 (Auglaize),All Students,202,14,93.5%,Class of 2022
Warren City - 044990 (Trumbull),All Students,247,41,85.8%,Class of 2022
Warren Local - 050500 (Washington),All Students,164,12,93.2%,Class of 2022
Warrensville Heights City - 045005 (Cuyahoga),All Students,119,3,97.5%,Class of 2022
Washington Court House City - 045013 (Fayette),All Students,136,8,94.4%,Class of 2022
Washington Local - 048231 (Lucas),All Students,438,86,83.6%,Class of 2022
Washington-Nile Local - 049650 (Scioto),All Students,90,7,92.8%,Class of 2022
Waterloo Local - 049247 (Portage),All Students,73,12,85.9%,Class of 2022
Wauseon Exempted Village - 045641 (Fulton),All Students,132,8,94.3%,Class of 2022
Waverly City - 049148 (Pike),All Students,153,8,95.0%,Class of 2022
Wayne Local - 050468 (Warren),All Students,128,2,98.5%,Class of 2022
Wayne Trace Local - 049031 (Paulding),All Students,73,4,94.8%,Class of 2022
Waynesfield-Goshen Local - 045971 (Auglaize),All Students,37,,100.0%,Class of 2022
Weathersfield Local - 050252 (Trumbull),All Students,68,3,95.8%,Class of 2022
Wellington Exempted Village - 045658 (Lorain),All Students,90,6,93.8%,Class of 2022
Wellston City - 045021 (Jackson),All Students,120,12,90.9%,Class of 2022
Wellsville Local - 045039 (Columbiana),All Students,39,3,92.9%,Class of 2022
West Branch Local - 048389 (Mahoning),All Students,136,5,96.5%,Class of 2022
West Carrollton City - 045054 (Montgomery),All Students,220,22,90.9%,Class of 2022
West Central Learning Academy Ii - 151175 (Allen),All Students,20,37,35.1%,Class of 2022
West Clermont Local - 046359 (Clermont),All Students,555,63,89.8%,Class of 2022
West Cleveland Drop Back In Dba Frederick Douglass High Scho - 012043 (Cuyahoga),All Students,23,68,25.3%,Class of 2022
West Geauga Local - 047225 (Geauga),All Students,201,4,98.0%,Class of 2022
West Holmes Local - 047696 (Holmes),All Students,143,19,88.3%,Class of 2022
West Liberty-Salem Local - 046219 (Champaign),All Students,89,2,97.8%,Class of 2022
West Muskingum Local - 048884 (Muskingum),All Students,100,3,97.1%,Class of 2022
Western Brown Local - 046060 (Brown),All Students,198,21,90.4%,Class of 2022
Western Local - 049155 (Pike),All Students,65,6,91.5%,Class of 2022
Western Reserve Local - 047746 (Huron),All Students,72,5,93.5%,Class of 2022
Western Reserve Local - 048397 (Mahoning),All Students,54,3,94.7%,Class of 2022
Westerville City - 045047 (Franklin),All Students,1127,92,92.5%,Class of 2022
Westfall Local - 049106 (Pickaway),All Students,110,8,93.2%,Class of 2022
Westlake City - 045062 (Cuyahoga),All Students,281,10,96.6%,Class of 2022
Wheelersburg Local - 049668 (Scioto),All Students,100,3,97.1%,Class of 2022
Whitehall City - 045070 (Franklin),All Students,175,31,85.0%,Class of 2022
Wickliffe City - 045088 (Lake),All Students,108,4,96.4%,Class of 2022
Wildwood Environmental Academy - 000222 (Lucas),All Students,18,8,69.2%,Class of 2022
Willard City - 045096 (Huron),All Students,90,8,91.8%,Class of 2022
Williamsburg Local - 046367 (Clermont),All Students,78,,100.0%,Class of 2022
Willoughby-Eastlake City - 045104 (Lake),All Students,523,36,93.6%,Class of 2022
Wilmington City - 045112 (Clinton),All Students,184,27,87.2%,Class of 2022
Windham Exempted Village - 045666 (Portage),All Students,26,5,83.9%,Class of 2022
Winton Woods City - 044081 (Hamilton),All Students,307,38,89.0%,Class of 2022
Wolf Creek Local - 050518 (Washington),All Students,55,1,98.2%,Class of 2022
Woodmore Local - 049577 (Sandusky),All Students,78,1,98.7%,Class of 2022
Woodridge Local - 049973 (Summit),All Students,146,4,97.3%,Class of 2022
Wooster City - 045120 (Wayne),All Students,259,14,94.9%,Class of 2022
Worthington City - 045138 (Franklin),All Students,724,49,93.7%,Class of 2022
Wynford Local - 046524 (Crawford),All Students,100,3,97.1%,Class of 2022
Wyoming City - 045146 (Hamilton),All Students,165,5,97.1%,Class of 2022
Xenia Community City - 045153 (Greene),All Students,234,40,85.4%,Class of 2022
Yb Columbus Community School - 132985 (Franklin),All Students,38,55,40.9%,Class of 2022
Yellow Springs Exempted Village - 045674 (Greene),All Students,64,2,97.0%,Class of 2022
Youngstown City - 045161 (Mahoning),All Students,300,56,84.3%,Class of 2022
Zane Trace Local - 049544 (Ross),All Students,92,4,95.8%,Class of 2022
Zanesville City - 045179 (Muskingum),All Students,170,12,93.4%,Class of 2022
Zanesville Community High School - 009148 (Muskingum),All Students,79,,100.0%,Class of 2022
Zenith Academy - 000725 (Franklin),All Students,33,11,75.0%,Class of 2022
